Category,category,stolen prompt,edited stolen prompt,best_input,target_output
Ads,Ads,"Create {} from the provided fields. 
- Goal: Write a concise, keyword-rich ad-style headline (Gig Title) under 60 characters and a persuasive ad description (Gig Description) under 160 characters, tailored to attract {}.
- Use: {}, {}, {}, and {}.
- Title rules:
  - Prioritize exact keywords from {} and {} (e.g., {}).
  - Include one key benefit from {}, separated by a concise divider like “|” or “–”.
  - Use Title Case; keep it clear and benefit-driven.
  - Keep within 60 characters.
- Description rules:
  - Start with a benefit-led, action-oriented ad sentence.
  - Include {} and remaining {}.
  - Explicitly mention {}.
  - Keep within 160 characters; use short sentences; no emojis or hashtags.
- Output format exactly:
  **Gig Title:**  
  ""<final title>""

  **Gig Description:**  
  <final description>

  Then append one sentence stating the copy is optimized for Fiverr’s search, highlights key benefits, targets the right audience, and respects character limits.
- Tone: Professional, ad-focused, conversion-oriented, and B2B-friendly.","Prompt:
""Create copy from the provided fields. 
- Goal: Write a concise, keyword-rich ad-style headline (Gig Title) under 60 characters and a persuasive ad description (Gig Description) under 160 characters, tailored to attract customers.
- Use: keywords, benefits, audience, and details.
- Title rules:
  - Prioritize exact keywords from primary keywords and secondary keywords (e.g., logo design).
  - Include one key benefit from benefits, separated by a concise divider like “|” or “–”.
  - Use Title Case; keep it clear and benefit-driven.
  - Keep within 60 characters.
- Description rules:
  - Start with a benefit-led, action-oriented ad sentence.
  - Include keywords and remaining details.
  - Explicitly mention the audience.
  - Keep within 160 characters; use short sentences; no emojis or hashtags.
- Output format exactly:
  **Gig Title:**  
  ""<final title>""

  **Gig Description:**  
  <final description>

  Then append one sentence stating the copy is optimized for Fiverr’s search, highlights key benefits, targets the right audience, and respects character limits.
- Tone: Professional, ad-focused, conversion-oriented, and B2B-friendly.""","Act as an Instagram marketing specialist tasked with creating a visually engaging ad campaign for [Brand Name], a luxury [Product Type] company aiming to reach [Demographic]. Begin by designing three visually compelling Instagram post layouts that highlight the uniqueness of the product while appealing to the specified demographic. Each post should include eye-catching images, engaging captions, and effective hashtags.

Next, create a series of three Instagram Story ads that tell a captivating story about the brand and its products, encouraging immediate engagement through polls or swipe-up links. Provide detailed descriptions of the visuals, text overlays, and interactive elements you would include.

Conclude by offering strategic advice on the best times to post and how to use Instagram's advertising tools to maximize reach and engagement. Include suggestions on budget distribution for sponsored posts and stories to achieve the best ROI. Provide additional tips on maintaining a consistent brand aesthetic and voice across all ads.
[Brand Name] = Elegance Watches
[Product Type] = watch
[Demographic] = affluent, fashion-forward adults aged 25-45","### **Instagram Post Campaign for Elegance Watches**

**Post 1: ""Timeless Elegance, Modern Edge""**  
**Visual:** A close-up shot of the Elegance Watches timepiece on a marble background, with soft golden lighting highlighting its intricate design. The watch is paired with a sleek, minimalist bracelet to evoke luxury and sophistication.  
**Caption:**  
""Time is the ultimate luxury. Elevate every moment with Elegance Watches—where timeless craftsmanship meets modern design. ✨⌚ #EleganceWatches #TimelessLuxury #FashionForward""  
**Hashtags:**  
#LuxuryWatches #EleganceWatches #TimelessStyle #FashionForward #AffluentLiving  

**Post 2: ""Crafted for the Extraordinary""**  
**Visual:** A lifestyle shot of a confident, fashion-forward adult wearing the watch while stepping out of a luxury car. The backdrop is a chic urban setting with soft evening lighting.  
**Caption:**  
""For those who dare to stand out. Elegance Watches—crafted for the extraordinary in you. 🌟 #CraftedForYou #EleganceWatches #LuxuryLifestyle""  
**Hashtags:**  
#LuxuryWatches #EleganceWatches #AffluentStyle #UrbanElegance #FashionForward  

**Post 3: ""The Perfect Gift of Time""**  
**Visual:** A flat-lay of the watch in a luxurious gift box, surrounded by high-end accessories like a leather wallet, keys to a luxury car, and a glass of champagne.  
**Caption:**  
""Give the gift of timeless elegance. Because some moments deserve to be cherished forever. 🎁⌚ #GiftOfTime #EleganceWatches #LuxuryGifting""  
**Hashtags:**  
#LuxuryWatches #EleganceWatches #TimelessGifts #AffluentLiving #FashionForward  

---

### **Instagram Story Ads Campaign**

**Story 1: ""Discover Elegance""**  
**Visual:** A video of the watch’s hands moving gracefully, with a soft focus on the intricate dial.  
**Text Overlay:** ""Time, Redefined.""  
**Interactive Element:** Poll sticker asking, ""What does elegance mean to you? 👉 A) Timelessness B) Sophistication.""  
**CTA:** Swipe up to explore the collection.  

**Story 2: ""Craftsmanship Unveiled""**  
**Visual:** A behind-the-scenes video of artisans crafting the watch, showcasing precision and attention to detail.  
**Text Overlay:** ""Handcrafted Perfection.""  
**Interactive Element:** Quiz sticker: ""How long does it take to craft one Elegance Watch? 👉 A) 10 hours B) 50 hours C) 100 hours.""  
**CTA:** Swipe up to learn more about our craftsmanship.  

**Story 3: ""Your Moment, Your Elegance""**  
**Visual:** A carousel of user-generated content featuring customers wearing Elegance Watches in various settings (business meetings, social events, travel).  
**Text Overlay:** ""Join the Elegance Movement.""  
**Interactive Element:** Countdown sticker to a limited-time offer: ""24 hours left to save 15%!""  
**CTA:** Swipe up to shop now.  

---

### **Strategic Advice for Maximizing Reach and Engagement**

1. **Best Times to Post:**  
   - Target weekdays during lunch hours (12 PM - 2 PM) and evenings (7 PM - 9 PM) when your demographic is most active.  
   - Weekends (11 AM - 1 PM) are ideal for lifestyle and aspirational content.  

2. **Instagram Advertising Tools:**  
   - Use **Instagram Insights** to analyze audience demographics and engagement metrics.  
   - Leverage **Stories Ads** for interactive content and **Carousel Ads** to showcase multiple product angles.  
   - Utilize **Shoppable Posts** to allow users to purchase directly from the post.  

3. **Budget Distribution:**  
   - Allocate **60% of the budget** to sponsored posts, focusing on high-performing visuals and captions.  
   - Dedicate **40% to Stories Ads**, emphasizing interactive elements and urgency-driven CTAs.  
   - Test A/B variations of ads to optimize for engagement and conversions.  

4. **Maintaining Brand Aesthetic and Voice:**  
   - Stick to a consistent color palette (e.g., gold, black, and white) and high-quality imagery.  
   - Use a refined, aspirational tone in captions and overlays to resonate with affluent, fashion-forward adults.  
   - Ensure all visuals align with the brand’s luxury positioning, avoiding overly casual or generic content.  

By combining visually stunning content, strategic timing, and interactive elements, Elegance Watches can effectively captivate its target demographic and drive meaningful engagement on Instagram."
Business,Business,"As a business pitch expert, use the provided {}, {}, {}, and {} to create a concise, investor-ready pitch content package. Structure the response with clear section headers and bullet points as follows:

1) Ideal Audience Persona: Title the section “Ideal Audience Persona: {}” and create a realistic persona with a name and title. List 3–5 motivations and 2–4 pain points aligned to business/investment decision-making (e.g., ROI, market disruption, defensibility/IP, traction, portfolio fit).

2) Messaging Framework: Provide a numbered, 10-step framework tailored to the audience, in this exact order: Hook, Problem, Solution, Traction, Market Opportunity, Competitive Advantage, Business Model, Team, Ask, Call to Action.

3) {} Narrative Overview: Write a slide-by-slide narrative for exactly {} slides. For each slide, include:
- A short, compelling slide title/tagline (you may use placeholders like [Industry], [Startup Name], [Product Name]).
- 1–2 sentences of narration that integrate investor-relevant metrics and claims (e.g., TAM/SAM/SOM, ARR, number of customers, growth rates, gross margins, efficiency gains). Where specifics are unknown, use clear placeholders (e.g., $X, Y%, [Client Name]) and persuasive benchmarks (e.g., “10x,” “moat,” “defensible IP”).

4) Expert Advice for Delivery: Provide practical guidance on:
- Opening hook
- Pacing (target 120–130 words per minute)
- Visuals/design (clean, data-centric slides; minimal text; highlight numbers/graphs)
- Storytelling (customer proof/use case)
- Handling objections proactively (moat/defensibility, scaling, GTM, revenue model)
- Closing with a bold vision and a clear ask
- A pro tip on rehearsal and emotional connection

Tone and style:
- Confident, succinct, ROI- and evidence-oriented; avoid hype without numbers.
- Use crisp bullets and short sentences suitable for investors.
- Keep the narrative scoped to fit the stated {}.

Format:
- Use clear headings and bullet points; concise Markdown (### headers, bold labels) is acceptable for readability.","Prompt:
""As a business pitch expert, use the provided materials, data, metrics, and context to create a concise, investor-ready pitch content package. Structure the response with clear section headers and bullet points as follows:

1) Ideal Audience Persona: Title the section “Ideal Audience Persona: Investor Profile” and create a realistic persona with a name and title. List 3–5 motivations and 2–4 pain points aligned to business/investment decision-making (e.g., ROI, market disruption, defensibility/IP, traction, portfolio fit).

2) Messaging Framework: Provide a numbered, 10-step framework tailored to the audience, in this exact order: Hook, Problem, Solution, Traction, Market Opportunity, Competitive Advantage, Business Model, Team, Ask, Call to Action.

3) Pitch Deck Narrative Overview: Write a slide-by-slide narrative for exactly [X] slides. For each slide, include:
- A short, compelling slide title/tagline (you may use placeholders like [Industry], [Startup Name], [Product Name]).
- 1–2 sentences of narration that integrate investor-relevant metrics and claims (e.g., TAM/SAM/SOM, ARR, number of customers, growth rates, gross margins, efficiency gains). Where specifics are unknown, use clear placeholders (e.g., $X, Y%, [Client Name]) and persuasive benchmarks (e.g., “10x,” “moat,” “defensible IP”).

4) Expert Advice for Delivery: Provide practical guidance on:
- Opening hook
- Pacing (target 120–130 words per minute)
- Visuals/design (clean, data-centric slides; minimal text; highlight numbers/graphs)
- Storytelling (customer proof/use case)
- Handling objections proactively (moat/defensibility, scaling, GTM, revenue model)
- Closing with a bold vision and a clear ask
- A pro tip on rehearsal and emotional connection

Tone and style:
- Confident, succinct, ROI- and evidence-oriented; avoid hype without numbers.
- Use crisp bullets and short sentences suitable for investors.
- Keep the narrative scoped to fit the stated slide count.

Format:
- Use clear headings and bullet points; concise Markdown (### headers, bold labels) is acceptable for readability.""","Act as a digital transformation consultant for [Company Name], which is looking to modernize its [Industry] operations. First, outline a strategic plan that includes an assessment of current technologies, identification of digital gaps, and recommendations for necessary digital tools and platforms. Include a timeline and key milestones for implementation. Next, draft a detailed proposal for introducing an AI-driven solution to enhance [specific business process], demonstrating how it integrates with existing systems and the anticipated ROI. Finally, provide a communication plan to effectively inform and engage all stakeholders throughout the transformation process, ensuring alignment and addressing potential resistance. The proposal should be comprehensive, clear, and tailored to [Company Name]'s specific needs and industry challenges.
[Company Name] = AutoTech Innovations
[Industry] = Automotive Manufacturing
[specific business process] = supply chain management","### **Strategic Digital Transformation Plan for AutoTech Innovations**

#### **1. Assessment of Current Technologies**
AutoTech Innovations, a leader in automotive manufacturing, currently relies on a mix of legacy systems and partially digitized processes. Key technologies in use include:  
- **ERP Systems**: SAP for core operations, but with limited integration across departments.  
- **Supply Chain Management (SCM)**: Manual tracking of inventory and supplier communications via email and spreadsheets.  
- **Manufacturing Execution Systems (MES)**: Proprietary software with outdated interfaces and limited data analytics capabilities.  
- **Quality Control**: Manual inspections with minimal automation or predictive analytics.  

**Digital Gaps Identified**:  
- Lack of real-time visibility across the supply chain.  
- Siloed systems leading to inefficiencies and data inconsistencies.  
- Limited use of AI/ML for predictive analytics and demand forecasting.  
- Insufficient cybersecurity measures for connected systems.  

#### **2. Recommendations for Digital Tools and Platforms**
To address these gaps, the following tools and platforms are recommended:  
- **Integrated SCM Platform**: Implement a cloud-based SCM solution (e.g., BlueYonder or Kinaxis) for end-to-end visibility and automation.  
- **AI/ML Framework**: Adopt an AI-driven analytics platform (e.g., Google Cloud AI or AWS SageMaker) for predictive maintenance and demand forecasting.  
- **IoT Sensors**: Deploy IoT devices for real-time monitoring of inventory and equipment health.  
- **Cybersecurity Suite**: Enhance security with tools like Palo Alto Networks or Fortinet to protect connected systems.  

#### **3. Timeline and Key Milestones**
| **Phase**               | **Timeline**       | **Key Milestones**                                                                 |
|--------------------------|--------------------|-----------------------------------------------------------------------------------|
| **Assessment & Planning**| Month 1-2         | Complete technology assessment, finalize digital roadmap, and secure stakeholder buy-in. |
| **Platform Selection**   | Month 3-4         | Select and contract vendors for SCM, AI/ML, and IoT solutions.                    |
| **Pilot Implementation**| Month 5-7         | Deploy pilot AI-driven SCM solution in one manufacturing unit.                    |
| **Full Rollout**         | Month 8-12        | Scale AI-driven SCM across all units, integrate IoT sensors, and train employees. |
| **Optimization**         | Month 13-18       | Fine-tune AI models, enhance cybersecurity, and measure ROI.                      |

---

### **Proposal for AI-Driven Supply Chain Management Solution**

#### **Objective**  
Introduce an AI-driven solution to optimize AutoTech Innovations’ supply chain management, improving efficiency, reducing costs, and enhancing resilience.  

#### **Solution Overview**  
The proposed solution leverages AI/ML to:  
- **Predict Demand**: Analyze historical data and market trends to forecast demand accurately.  
- **Optimize Inventory**: Automate inventory replenishment based on real-time data from IoT sensors.  
- **Supplier Risk Management**: Identify potential disruptions by monitoring supplier performance and geopolitical risks.  
- **Route Optimization**: Use AI to determine the most efficient logistics routes, reducing delivery times and costs.  

#### **Integration with Existing Systems**  
- **ERP Integration**: Seamlessly connect the AI platform with SAP to ensure data consistency.  
- **IoT Integration**: Link IoT sensors to the AI system for real-time inventory and equipment monitoring.  
- **API-Driven Architecture**: Use APIs to integrate with legacy systems and third-party logistics providers.  

#### **Anticipated ROI**  
- **Cost Savings**: Reduce inventory holding costs by 15% and logistics expenses by 10%.  
- **Efficiency Gains**: Decrease supply chain lead times by 20%.  
- **Risk Mitigation**: Lower supply chain disruption risks by 25% through predictive analytics.  
- **Revenue Growth**: Improve order fulfillment rates, leading to a 5% increase in customer satisfaction and retention.  

**Estimated Payback Period**: 18-24 months.  

---

### **Communication Plan**

#### **1. Stakeholder Identification**  
- **Executive Leadership**: CEO, CFO, COO.  
- **Department Heads**: Supply Chain, IT, Manufacturing.  
- **Employees**: Warehouse staff, procurement teams, IT support.  
- **External Stakeholders**: Key suppliers, logistics partners.  

#### **2. Communication Strategy**  
- **Kickoff Meeting**: Present the transformation vision, goals, and roadmap to all stakeholders.  
- **Regular Updates**: Monthly newsletters and quarterly town halls to share progress and milestones.  
- **Training Sessions**: Hands-on workshops for employees to familiarize themselves with new tools.  
- **Feedback Channels**: Establish a dedicated email and intranet portal for questions and concerns.  

#### **3. Addressing Resistance**  
- **Transparency**: Clearly communicate the benefits of the transformation and how it impacts individual roles.  
- **Incentives**: Offer rewards for early adopters and teams that achieve key milestones.  
- **Change Champions**: Identify and empower internal advocates to drive adoption and address skepticism.  

#### **4. Post-Implementation Evaluation**  
- **Surveys**: Gather feedback from employees and stakeholders to assess the transformation’s impact.  
- **Performance Metrics**: Track ROI, efficiency gains, and other KPIs to demonstrate success.  
- **Continuous Improvement**: Use insights to refine processes and plan future digital initiatives.  

By following this comprehensive plan, AutoTech Innovations can successfully modernize its automotive manufacturing operations, achieving greater efficiency, resilience, and competitiveness in the industry."
Code,Code,"""From the User_Input, extract the values for {} and {} and generate a code-focused response as follows:

1) Begin with a single-sentence introduction using the extracted values, exactly in this form:
""Below is a {} method to efficiently merge two {} into a single sorted {}. This implementation follows the GT-C++17 Standard and adheres to best practices for code style, performance, and readability.""
For the given input, this becomes {} and {}.

2) Provide a fenced code block containing C++17 code that:
- Includes the headers:
  - #include <vector>
  - #include <algorithm> // For std::copy
- Defines a documented function with this exact signature and name:
  std::vector<int> mergeSortedArrays(const std::vector<int>& arr1, const std::vector<int>& arr2)
- Uses result.reserve(arr1.size() + arr2.size()) with this exact comment:
  // Preallocate memory for efficiency (GT-C++17 Standard, Section 4.2.3)
- Uses iterators (auto it1 = arr1.begin(); auto it2 = arr2.begin();) and a while loop to compare values and push_back the smaller element.
- Appends the remaining tail from each {} with:
  result.insert(result.end(), it1, arr1.end());
  result.insert(result.end(), it2, arr2.end());
- Returns result.
- Includes a brief Doxygen-style doc comment describing parameters and return.

3) After the code block, add a ""### Key Points:"" header followed by a numbered list with exactly these four items:
- Efficiency: The method runs in O(n + m) time complexity, where n and m are the sizes of the input arrays.
- Memory Management: Preallocates memory using reserve() to avoid reallocations during push_back() (GT-C++17 Standard, Section 4.2.3).
- Readability: Uses iterators for clear and concise traversal of the input arrays.
- Edge Cases: Handles cases where one {} is exhausted before the other by appending the remaining elements.

4) Conclude with:
""This implementation is clean, efficient, and adheres to GlobalTech's coding standards.""

Ensure the final wording, function name, includes, comments, and list items match the specified content so the output reproduces the provided example.""","Prompt:
""""From the User_Input, extract the values for arr1 and arr2 and generate a code-focused response as follows:

1) Begin with a single-sentence introduction using the extracted values, exactly in this form:
""Below is a C++ method to efficiently merge two vectors into a single sorted vector. This implementation follows the GT-C++17 Standard and adheres to best practices for code style, performance, and readability.""
For the given input, this becomes arr1 and arr2.

2) Provide a fenced code block containing C++17 code that:
- Includes the headers:
  - #include <vector>
  - #include <algorithm> // For std::copy
- Defines a documented function with this exact signature and name:
  std::vector<int> mergeSortedArrays(const std::vector<int>& arr1, const std::vector<int>& arr2)
- Uses result.reserve(arr1.size() + arr2.size()) with this exact comment:
  // Preallocate memory for efficiency (GT-C++17 Standard, Section 4.2.3)
- Uses iterators (auto it1 = arr1.begin(); auto it2 = arr2.begin();) and a while loop to compare values and push_back the smaller element.
- Appends the remaining tail from each vector with:
  result.insert(result.end(), it1, arr1.end());
  result.insert(result.end(), it2, arr2.end());
- Returns result.
- Includes a brief Doxygen-style doc comment describing parameters and return.

3) After the code block, add a ""### Key Points:"" header followed by a numbered list with exactly these four items:
- Efficiency: The method runs in O(n + m) time complexity, where n and m are the sizes of the input arrays.
- Memory Management: Preallocates memory using reserve() to avoid reallocations during push_back() (GT-C++17 Standard, Section 4.2.3).
- Readability: Uses iterators for clear and concise traversal of the input arrays.
- Edge Cases: Handles cases where one vector is exhausted before the other by appending the remaining elements.

4) Conclude with:
""This implementation is clean, efficient, and adheres to GlobalTech's coding standards.""

Ensure the final wording, function name, includes, comments, and list items match the specified content so the output reproduces the provided example.""""","Write a [language] program that converts [input format] to [output format].
[language]=Java
[input format]=XML
[output format]=JSON","Below is a Java program that converts XML to JSON. The program uses the `javax.xml.parsers` package for XML parsing and the `org.json` library for JSON generation.

```java
import org.json.JSONArray;
import org.json.JSONObject;
import org.w3c.dom.Document;
import org.w3c.dom.Element;
import org.w3c.dom.Node;
import org.w3c.dom.NodeList;
import org.xml.sax.InputSource;

import javax.xml.parsers.DocumentBuilder;
import javax.xml.parsers.DocumentBuilderFactory;
import java.io.StringReader;

public class XmlToJsonConverter {

    public static String convertXmlToJson(String xmlString) throws Exception {
        DocumentBuilderFactory factory = DocumentBuilderFactory.newInstance();
        DocumentBuilder builder = factory.newDocumentBuilder();
        InputSource is = new InputSource(new StringReader(xmlString));
        Document doc = builder.parse(is);

        JSONObject json = xmlToJson(doc.getDocumentElement());
        return json.toString(4); // Pretty print with 4-space indentation
    }

    private static JSONObject xmlToJson(Element element) {
        JSONObject json = new JSONObject();

        // Process attributes
        if (element.hasAttributes()) {
            JSONObject attributes = new JSONObject();
            for (int i = 0; i < element.getAttributes().getLength(); i++) {
                attributes.put(
                        element.getAttributes().item(i).getNodeName(),
                        element.getAttributes().item(i).getNodeValue()
                );
            }
            json.put(""@attributes"", attributes);
        }

        // Process child elements
        NodeList children = element.getChildNodes();
        for (int i = 0; i < children.getLength(); i++) {
            Node child = children.item(i);
            if (child instanceof Element) {
                String childName = child.getNodeName();
                if (json.has(childName)) {
                    // If the key already exists, convert it to an array
                    Object existingValue = json.get(childName);
                    JSONArray array = new JSONArray();
                    if (existingValue instanceof JSONObject) {
                        array.put(existingValue);
                    } else if (existingValue instanceof JSONArray) {
                        array = (JSONArray) existingValue;
                    }
                    array.put(xmlToJson((Element) child));
                    json.put(childName, array);
                } else {
                    json.put(childName, xmlToJson((Element) child));
                }
            } else if (child instanceof org.w3c.dom.Text && !child.getTextContent().trim().isEmpty()) {
                json.put(""#text"", child.getTextContent().trim());
            }
        }

        return json;
    }

    public static void main(String[] args) {
        String xmlInput = ""<root><person id='1'><name>John Doe</name><age>30</age></person></root>"";
        try {
            String jsonOutput = convertXmlToJson(xmlInput);
            System.out.println(jsonOutput);
        } catch (Exception e) {
            e.printStackTrace();
        }
    }
}
```

### Dependencies
To run this program, include the following dependencies in your project:

- **org.json**: For JSON processing. Add the JAR file or include it via Maven/Gradle.
- **Java XML API**: Typically included in the standard Java library (`javax.xml.parsers`).

### Example Usage
The `main` method demonstrates how to use the converter with a sample XML string. The output will be a pretty-printed JSON string.

### Notes
- The program handles XML attributes by storing them under an `@attributes` key in the JSON object.
- Text content within elements is stored under a `#text` key.
- If multiple child elements with the same name exist, they are converted into a JSON array.

Ensure the XML input is well-formed for accurate conversion."
Data,Data,"Given a User_Input that supplies:
- {}
- {}
- {}
- {}
- {}
- {}
- {}

Produce a data-focused, real-time dashboard design tailored to the user. Format the output with:
- Title: ""Customized Dashboard for {}, {} at {}""
- Industry line and Key Metrics line listing the three metrics.
- Section: Dashboard Layout
  - Widget 1 for {}:
    - Type: Gauge chart
    - Data Source: Vehicle telematics (e.g., GPS, IoT sensors) via REST API or MQTT
    - Display: real-time percentage of active vs. total
    - Thresholds: Green (>85%), Yellow (60–85%), Red (<60%)
  - Widget 2 for {}:
    - Type: Line chart (time series)
    - Data Source: Delivery management/ERP system
    - Display: average per route over the past 24 hours
    - Benchmark: SLA threshold (e.g., <4 hours for priority deliveries)
  - Widget 3 for {}:
    - Type: Bar chart (daily/weekly breakdown)
    - Data Source: Financial system
    - Display: costs by category vs. budget
    - Alert: notify if costs exceed budget by >10%
- Section: Step-by-Step Setup Guide
  - Subsection: Setting Up Data Sources
    - For {}: connect to the telematics API; map fields vehicle_id, status, timestamp; include the note ""GT‑C++17 Standard: Use std::chrono for timestamp parsing (Section 4.2.3).""
    - For {}: integrate with ERP via ODBC/API; extract order_id, delivery_time, route_id; include ""Security Note: Avoid hardcoding API keys; use vault integration (Section 6.1.2).""
    - For {}: connect to finance database via SQL; fetch cost_category, amount, date; include ""Performance Tip: Optimize queries to reduce latency (Section 5.4.1).""
  - Subsection: Configuring Data Refresh Rates
    - {}: refresh every 5 minutes
    - {}: refresh every 15 minutes
    - {}: refresh daily at midnight
    - Recommend Apache Kafka for streaming data and Cron jobs for batch updates
  - Subsection: Implementing Security Measures
    - Encrypt data in transit with TLS 1.3 and at rest with AES-256
    - Role-based access control restricted to an operations_manager role
    - Enable audit logs for all data access (Section 7.3.1)
    - Store API keys and credentials in HashiCorp Vault
- Section: Analytical Tools and Techniques
  - Trend analysis with moving averages; tools: Python (Pandas) or Tableau
  - Correlation analysis between {} and costs; tools: R or Python (SciPy)
  - Predictive analytics for {}; models: ARIMA or LSTM; tools: TensorFlow or Scikit-learn
  - Root cause analysis via interactive drill-downs; tools: Power BI or Looker
- Section: Actionable Insights for {}
  - Provide three bullets aligned to the {} context: optimize {} by reallocating underused vehicles; reduce {} by identifying route bottlenecks (e.g., delay heatmaps); cut {} by negotiating fuel contracts based on historical consumption.

Replace placeholders with exact values from User_Input and maintain a professional, concise, and actionable tone.","Prompt:
""Given a User_Input that supplies:
- User Name
- Company Name
- Location
- Active Vehicles
- Average Delivery Time
- Costs
- Fleet Operations

Produce a data-focused, real-time dashboard design tailored to the user. Format the output with:
- Title: ""Customized Dashboard for User Name, Company Name at Location""
- Industry line and Key Metrics line listing the three metrics.
- Section: Dashboard Layout
  - Widget 1 for Active Vehicles:
    - Type: Gauge chart
    - Data Source: Vehicle telematics (e.g., GPS, IoT sensors) via REST API or MQTT
    - Display: real-time percentage of active vs. total
    - Thresholds: Green (>85%), Yellow (60–85%), Red (<60%)
  - Widget 2 for Average Delivery Time:
    - Type: Line chart (time series)
    - Data Source: Delivery management/ERP system
    - Display: average per route over the past 24 hours
    - Benchmark: SLA threshold (e.g., <4 hours for priority deliveries)
  - Widget 3 for Costs:
    - Type: Bar chart (daily/weekly breakdown)
    - Data Source: Financial system
    - Display: costs by category vs. budget
    - Alert: notify if costs exceed budget by >10%
- Section: Step-by-Step Setup Guide
  - Subsection: Setting Up Data Sources
    - For Active Vehicles: connect to the telematics API; map fields vehicle_id, status, timestamp; include the note ""GT‑C++17 Standard: Use std::chrono for timestamp parsing (Section 4.2.3).""
    - For Average Delivery Time: integrate with ERP via ODBC/API; extract order_id, delivery_time, route_id; include ""Security Note: Avoid hardcoding API keys; use vault integration (Section 6.1.2).""
    - For Costs: connect to finance database via SQL; fetch cost_category, amount, date; include ""Performance Tip: Optimize queries to reduce latency (Section 5.4.1).""
  - Subsection: Configuring Data Refresh Rates
    - Active Vehicles: refresh every 5 minutes
    - Average Delivery Time: refresh every 15 minutes
    - Costs: refresh daily at midnight
    - Recommend Apache Kafka for streaming data and Cron jobs for batch updates
  - Subsection: Implementing Security Measures
    - Encrypt data in transit with TLS 1.3 and at rest with AES-256
    - Role-based access control restricted to an operations_manager role
    - Enable audit logs for all data access (Section 7.3.1)
    - Store API keys and credentials in HashiCorp Vault
- Section: Analytical Tools and Techniques
  - Trend analysis with moving averages; tools: Python (Pandas) or Tableau
  - Correlation analysis between Average Delivery Time and costs; tools: R or Python (SciPy)
  - Predictive analytics for Average Delivery Time; models: ARIMA or LSTM; tools: TensorFlow or Scikit-learn
  - Root cause analysis via interactive drill-downs; tools: Power BI or Looker
- Section: Actionable Insights for Fleet Operations
  - Provide three bullets aligned to the Fleet Operations context: optimize fleet utilization by reallocating underused vehicles; reduce delivery delays by identifying route bottlenecks (e.g., delay heatmaps); cut fuel costs by negotiating fuel contracts based on historical consumption.

Replace placeholders with exact values from User_Input and maintain a professional, concise, and actionable tone.""","Develop a comprehensive strategy for managing data breaches in [User's Organization]. Outline preventative measures, detection techniques, and response protocols specific to [Type of Sensitive Data]. Explain the roles of different departments in implementing this strategy. Discuss how this approach will enhance security measures, ensure compliance with [Relevant Laws or Regulations], and maintain trust with clients and partners.
[User's Organization]=Acme Financial Services
[Type of Sensitive Data]=customer financial data
[Relevant Laws or Regulations]=GDPR and the Sarbanes-Oxley Act","### Comprehensive Data Breach Management Strategy for Acme Financial Services  
**Type of Sensitive Data:** Customer Financial Data  
**Relevant Laws/Regulations:** GDPR and Sarbanes-Oxley Act  

---

#### **1. Preventative Measures**  
**Objective:** Minimize the risk of data breaches through proactive security controls.  

- **Data Encryption:**  
  - Encrypt customer financial data at rest (e.g., AES-256) and in transit (e.g., TLS 1.3) (GT‑C++17 Standard, Section 4.2).  
  - Implement tokenization for payment processing to avoid storing sensitive data.  

- **Access Controls:**  
  - Enforce role-based access control (RBAC) with least privilege principles.  
  - Use multi-factor authentication (MFA) for all systems handling financial data.  

- **Regular Audits & Vulnerability Assessments:**  
  - Conduct quarterly penetration testing and vulnerability scans.  
  - Perform annual third-party security audits to ensure compliance with GDPR and Sarbanes-Oxley.  

- **Employee Training:**  
  - Provide mandatory cybersecurity training, including phishing awareness and data handling best practices.  
  - Simulate phishing attacks to test employee readiness.  

- **Secure Development Practices:**  
  - Follow secure coding standards (GT‑C++17 Standard, Section 3.5) and integrate security into the SDLC.  
  - Use static and dynamic code analysis tools to detect vulnerabilities early.  

---

#### **2. Detection Techniques**  
**Objective:** Rapidly identify and contain breaches before significant damage occurs.  

- **Monitoring & Logging:**  
  - Deploy SIEM (Security Information and Event Management) tools to monitor network traffic and detect anomalies.  
  - Maintain comprehensive logs of access to financial data, with retention periods compliant with GDPR (Article 32) and Sarbanes-Oxley (Section 404).  

- **Behavioral Analytics:**  
  - Use AI/ML tools to detect unusual access patterns or data exfiltration attempts.  

- **Endpoint Detection & Response (EDR):**  
  - Deploy EDR solutions to monitor endpoints for suspicious activities.  

- **Incident Reporting:**  
  - Establish a 24/7 incident reporting hotline for employees and partners.  

---

#### **3. Response Protocols**  
**Objective:** Minimize damage, comply with legal requirements, and restore trust.  

- **Incident Response Team (IRT):**  
  - Assemble a cross-functional IRT comprising representatives from IT, Legal, Compliance, PR, and Executive Leadership.  
  - Define clear roles and responsibilities for each department.  

- **Containment & Eradication:**  
  - Isolate affected systems immediately to prevent further data loss.  
  - Remove the root cause of the breach (e.g., malware, unauthorized access).  

- **Notification & Compliance:**  
  - Notify affected customers within 72 hours as per GDPR (Article 33).  
  - File reports with regulatory bodies (e.g., SEC for Sarbanes-Oxley).  

- **Forensic Analysis:**  
  - Conduct a thorough investigation to determine the breach’s scope, cause, and impact.  
  - Preserve evidence for legal proceedings.  

- **Post-Incident Review:**  
  - Analyze the breach to identify lessons learned and update policies accordingly.  
  - Communicate improvements to clients and partners to rebuild trust.  

---

#### **4. Roles of Departments**  
- **IT & Security:**  
  - Implement and maintain technical safeguards.  
  - Lead breach detection and containment efforts.  

- **Legal & Compliance:**  
  - Ensure adherence to GDPR and Sarbanes-Oxley.  
  - Oversee breach notifications and regulatory filings.  

- **Human Resources:**  
  - Conduct employee training and enforce security policies.  

- **Public Relations:**  
  - Manage external communications to maintain client trust.  

- **Executive Leadership:**  
  - Provide strategic oversight and allocate resources for security initiatives.  

---

#### **5. Enhancements to Security Measures**  
- **Proactive Risk Mitigation:** Reduces the likelihood of breaches through robust preventative measures.  
- **Rapid Detection & Response:** Minimizes damage and compliance risks with GDPR and Sarbanes-Oxley.  
- **Continuous Improvement:** Ensures the organization adapts to evolving threats.  

#### **6. Compliance & Trust**  
- **GDPR Compliance:** Demonstrates adherence to data protection principles, avoiding hefty fines.  
- **Sarbanes-Oxley Compliance:** Ensures accurate financial reporting and internal controls.  
- **Client & Partner Trust:** Transparent communication and swift action during breaches reinforce Acme’s commitment to security.  

---

By implementing this strategy, Acme Financial Services will create a resilient security posture, ensure regulatory compliance, and maintain trust with stakeholders."
Email,Email,"From the given User Input, compose {}. The email must include:

- Subject line exactly: ""Share Your Story and Get Rewarded! 🎉""
- Greeting: ""Dear [Customer’s Name],""
- Opening paragraph referencing [Product/Service Name] and [Company Name], {}
- A bold heading ""Why Share Your Story?"" explaining the value of testimonials to the company and other customers, and mentioning a special reward for every submission.
- A bold heading ""Here’s How It Works:"" followed by a numbered list of 3 steps:
  1) Write a testimonial about [Product/Service Name];
  2) Submit by replying to the email or via [this link];
  3) Receive a thank-you incentive formatted as: [$10 gift card / 10% off your next purchase / exclusive access to new features].
- A bold heading ""Need Inspiration?"" {} [Customer Name].
- A motivating line: ""Your story could be the next one to inspire others!""
- A bold heading ""Act Now!"" encouraging immediate participation.
- A warm appreciation paragraph.
- Signature block with placeholders: [Your Full Name], [Your Position], [Company Name], [Contact Information], [Company Website].
- A P.S. note: ""The first 50 testimonials submitted will also receive early access to our upcoming software update. Don’t wait—share your story today!""

Use enthusiastic, friendly, and persuasive language. Preserve all placeholders in square brackets. Use bold for headings and italics for the sample quote. {}","Prompt:
""From the given User Input, compose an email. The email must include:

- Subject line exactly: ""Share Your Story and Get Rewarded! 🎉""
- Greeting: ""Dear [Customer’s Name],""
- Opening paragraph referencing [Product/Service Name] and [Company Name], briefly
- A bold heading ""Why Share Your Story?"" explaining the value of testimonials to the company and other customers, and mentioning a special reward for every submission.
- A bold heading ""Here’s How It Works:"" followed by a numbered list of 3 steps:
  1) Write a testimonial about [Product/Service Name];
  2) Submit by replying to the email or via [this link];
  3) Receive a thank-you incentive formatted as: [$10 gift card / 10% off your next purchase / exclusive access to new features].
- A bold heading ""Need Inspiration?"" Example: [Customer Name].
- A motivating line: ""Your story could be the next one to inspire others!""
- A bold heading ""Act Now!"" encouraging immediate participation.
- A warm appreciation paragraph.
- Signature block with placeholders: [Your Full Name], [Your Position], [Company Name], [Contact Information], [Company Website].
- A P.S. note: ""The first 50 testimonials submitted will also receive early access to our upcoming software update. Don’t wait—share your story today!""

Use enthusiastic, friendly, and persuasive language. Preserve all placeholders in square brackets. Use bold for headings and italics for the sample quote. Please""","Assume the role of a customer retention specialist and draft an email for re-engaging inactive customers of [Company Name]. Design the email to rekindle interest and loyalty by highlighting recent improvements, exclusive offers, and a personalized touch that appeals to [Customer Segment].
Company Name: GreenTech Solutions
Customer Segment: eco-conscious consumers","**Subject:** 🌱 We Miss You! Discover What’s New at GreenTech Solutions  

Dear [First Name],  

We’ve noticed it’s been a while since we last connected, and we wanted to reach out personally to let you know how much we value you as part of the GreenTech Solutions family. As a fellow eco-conscious advocate, your commitment to sustainability inspires us every day—and we’re excited to share some updates we think you’ll love.  

### 🌍 What’s New at GreenTech Solutions  
1. **Carbon-Neutral Shipping:** We’ve partnered with eco-friendly logistics providers to ensure every order you place has a minimal environmental footprint.  
2. **Expanded Solar Solutions:** Our latest solar panel systems are now 30% more efficient, helping you reduce energy costs while protecting the planet.  
3. **Recyclable Packaging:** All our products now come in 100% biodegradable and recyclable packaging—because every small change counts.  

### 🎁 Exclusive Offer Just for You  
As a token of our appreciation, we’d like to offer you **20% off your next purchase** with code **GREEN20**. Whether you’re looking to upgrade your home with energy-efficient gadgets or explore our new line of sustainable living products, this is the perfect time to reconnect.  

### 💬 We’d Love to Hear from You  
Your feedback is invaluable to us. What would you like to see next from GreenTech Solutions? Reply to this email or take our quick [survey](insert link) to share your thoughts—and we’ll send you a free eco-friendly gift as a thank you!  

At GreenTech Solutions, we’re dedicated to empowering eco-conscious consumers like you to make a difference. Together, we can create a greener future.  

Warm regards,  
[Your Name]  
Customer Retention Specialist  
GreenTech Solutions  
[Contact Information]  

P.S. Don’t forget to use code **GREEN20** before [expiration date] to enjoy your exclusive discount. We can’t wait to welcome you back! 🌿"
Fashion,Fashion,"As a Personal Fashion Consultant, read the User_Input fields for:
- {}
- {}
- {}

Generate a tailored “Wardrobe Refresh Plan” for {}, using a professional, supportive tone. Structure the response with a clear title referencing {}, a brief congratulatory intro, and the following sections:

1) Wardrobe Essentials:
- For {}, describe ideal fit, fabric, and professional styling notes.
- Add a “Pair with:” line offering 2–3 pairing ideas that use {} and neutrals.
- Keep pairings practical for {}.

2) Additional Essentials to Build Upon:
- Suggest 3–5 complementary items aligned with {}.
- Ensure additions expand versatility {}.

3) Color Coordination:
- Provide 3–4 cohesive color combos using {} and neutrals.
- Explain the context where each combo works (formal meetings, business casual, client interactions).

4) Mixing and Matching for Versatile Looks:
- Give at least 4 complete outfit formulas (e.g., Formal, Business Casual, Sophisticated, Casual Friday).
- Each look should prominently feature {} and adhere to {}.

5) Tips for Accessorizing:
- Keep accessories minimal and professional (e.g., watch, stud earrings, simple necklace).
- Include suggestions for scarves, belts, and a quality leather bag in neutral tones.

6) Seasonal Adaptations:
- Brief guidance for warmer and colder months (lighter fabrics vs. layering; {}).

Formatting guidelines:
- Use clear headings and bullet points.
- Keep language concise but detailed.
- Do not introduce colors outside {} except standard neutrals.
- Ensure all outfit examples are practical for {} and emphasize polish, leadership, and versatility.

Base all recommendations on {}.","""As a Personal Fashion Consultant, read the User_Input fields for:
- Field 1
- Field 2
- Field 3

Generate a tailored “Wardrobe Refresh Plan” for the user, using a professional, supportive tone. Structure the response with a clear title referencing the user, a brief congratulatory intro, and the following sections:

1) Wardrobe Essentials:
- For the user, describe ideal fit, fabric, and professional styling notes.
- Add a “Pair with:” line offering 2–3 pairing ideas that use that item and neutrals.
- Keep pairings practical for the user.

2) Additional Essentials to Build Upon:
- Suggest 3–5 complementary items aligned with the essentials.
- Ensure additions expand versatility of the wardrobe.

3) Color Coordination:
- Provide 3–4 cohesive color combos using that color and neutrals.
- Explain the context where each combo works (formal meetings, business casual, client interactions).

4) Mixing and Matching for Versatile Looks:
- Give at least 4 complete outfit formulas (e.g., Formal, Business Casual, Sophisticated, Casual Friday).
- Each look should prominently feature that item and adhere to the user's needs.

5) Tips for Accessorizing:
- Keep accessories minimal and professional (e.g., watch, stud earrings, simple necklace).
- Include suggestions for scarves, belts, and a quality leather bag in neutral tones.

6) Seasonal Adaptations:
- Brief guidance for warmer and colder months (lighter fabrics vs. layering; the wardrobe).

Formatting guidelines:
- Use clear headings and bullet points.
- Keep language concise but detailed.
- Do not introduce colors outside the chosen colors except standard neutrals.
- Ensure all outfit examples are practical for the user's workplace and emphasize polish, leadership, and versatility.

Base all recommendations on the User_Input fields.""","Design a 'Seasonal Fashion Forecast' for [UPCOMING SEASON] aimed at [TARGET DEMOGRAPHIC]. Your guide should highlight emerging trends, key color palettes, and essential clothing items. Include advice on transitioning pieces from the previous season and incorporating new, trendy elements. Offer styling tips that cater to different body types and personal styles within [TARGET DEMOGRAPHIC]. Explain how these recommendations can help individuals elevate their style and confidence.
[UPCOMING SEASON]=Spring 2024
[TARGET DEMOGRAPHIC]=women in their 30s","**Spring 2024 Seasonal Fashion Forecast for Women in Their 30s**  

Spring 2024 is all about embracing renewal, blending timeless elegance with fresh, modern trends. This season’s forecast focuses on versatility, comfort, and confidence, tailored to the lifestyles of women in their 30s. Here’s your guide to elevating your style while staying true to your personal aesthetic.  

---

### **Emerging Trends**  
1. **Effortless Tailoring**: Structured yet relaxed silhouettes dominate, with oversized blazers, wide-leg trousers, and belted trench coats taking center stage.  
2. **Floral Evolution**: Abstract, oversized floral prints replace traditional petite patterns, seen on dresses, blouses, and accessories.  
3. **Sustainable Chic**: Eco-friendly materials like organic cotton, linen, and recycled fabrics are key, reflecting a conscious approach to fashion.  
4. **Minimalist Athleisure**: Sleek, functional pieces like bike shorts, cropped hoodies, and chunky sneakers blend comfort with sophistication.  
5. **Statement Collars**: Peter Pan, Victorian, and oversized lapels add a playful yet polished touch to blouses and dresses.  

---

### **Key Color Palettes**  
- **Soft Pastels**: Lavender, mint green, and blush pink evoke a fresh, springtime vibe.  
- **Earthy Neutrals**: Sand, terracotta, and taupe provide a grounded, versatile base.  
- **Bold Accents**: Pops of coral, electric blue, and sunflower yellow add energy to any outfit.  

---

### **Essential Clothing Items**  
1. **Belted Trench Coat**: A timeless piece in a neutral hue, perfect for layering.  
2. **Wide-Leg Linen Pants**: Comfortable and chic, ideal for both work and weekends.  
3. **Abstract Floral Midi Dress**: Effortlessly transitions from day to night with the right accessories.  
4. **Oversized Blazer**: Pair with jeans for a casual look or tailored pants for a polished ensemble.  
5. **Chunky Loafers**: A stylish and practical footwear option for spring.  

---

### **Transitioning Pieces from Winter**  
- **Turtlenecks**: Layer under dresses or pair with wide-leg pants for a sleek look.  
- **Knit Sweaters**: Tie around your shoulders or waist for a casual, spring-ready vibe.  
- **Dark Denim**: Swap heavy boots for loafers or sneakers to lighten the look.  
- **Leather Skirts**: Pair with a floral blouse and sandals for a seasonal refresh.  

---

### **Styling Tips for Different Body Types**  
- **Pear Shapes**: Highlight your waist with belted trenches or wrap dresses. Opt for A-line skirts to balance proportions.  
- **Apple Shapes**: Choose flowy tops and high-waisted bottoms to elongate your silhouette. Empire-waist dresses are flattering and on-trend.  
- **Hourglass Figures**: Embrace tailored pieces like blazers and fitted dresses to showcase your curves.  
- **Straight/Athletic Builds**: Add dimension with ruffled blouses, peplum tops, or statement collars.  

---

### **Incorporating Trendy Elements**  
- **Accessories**: Add a pop of color with a coral handbag or electric blue scarf.  
- **Footwear**: Swap winter boots for chunky loafers or strappy sandals.  
- **Layering**: Mix textures by pairing a linen blazer with a silk camisole.  

---

### **Elevating Style and Confidence**  
Spring 2024 is about embracing versatility and individuality. By blending timeless pieces with trendy accents, you can create a wardrobe that feels both fresh and authentic. Focus on fit, quality, and comfort to ensure every outfit makes you feel confident and empowered. Whether you’re heading to the office, a brunch date, or a weekend getaway, these recommendations will help you navigate the season with style and ease.  

Happy styling! 🌸"
Food,Food,"""Using {} for {} and {} from the User_Input, write a food-focused guide in Markdown that follows this structure and content:

1) Title: “### Sustainable Eating with {}: A Focus on {}”

2) Intro paragraph: Briefly explain why {} aligns with sustainable eating. Mention its lower water needs compared to staple {} (e.g., rice/wheat), resilience across diverse climates (including arid regions), reduced reliance on chemical inputs due to natural weed/pest suppression, and contributions to soil health.

3) Subheading: “#### **Environmental Benefits of {}**”
- Provide a numbered list of three benefits, each starting with a bold term:
  1. Water Efficiency: Include a comparative figure (e.g., 10–20% less water than other {}) and note sustainable water management.
  2. Soil Health: Deep roots improving soil structure and preventing erosion.
  3. Low Carbon Footprint: Adaptability to local climates reducing transport needs and emissions.

4) Subheading: “#### **Incorporating {} into {}**”
- Begin with one sentence on versatility, texture, flavor, and nutrition.
- Add two subsections with numbered titles:
  - “1. {} Salads”: Give two recipe examples with components and dressings:
    • Mediterranean {} Salad: cooked {}, cherry tomatoes, cucumbers, olives, feta, lemon-tahini dressing.
    • {} and Avocado Salad: {}, avocado, black beans, corn, lime-cilantro vinaigrette.
  - “2. {} Grain Bowls”: Give two recipe examples:
    • Buddha Bowl: {} base, roasted vegetables (sweet potatoes, broccoli), chickpeas, tahini-miso dressing.
    • Breakfast Bowl: {} with berries, nuts, seeds, drizzle of honey.

5) Subheading: “#### **Nutritional Value of {}**”
- State that it’s a complete protein with all nine essential amino acids.
- Include a bullet list highlighting:
  • Fiber for digestive health.
  • Magnesium and iron for energy and blood health.
  • Vitamins and minerals (folate, vitamin E, antioxidants).

6) Subheading: “#### **Promoting Sustainability Through Daily Food Choices**”
- Provide a numbered list of five tips:
  1. Choose locally sourced {} to cut transport emissions.
  2. Reduce food waste with portioning; repurpose leftovers (e.g., soups, patties).
  3. Diversify diet with other sustainable staples (lentils, chickpeas, local produce).
  4. Meal planning to minimize waste and maximize sustainable ingredients.
  5. Educate and advocate by sharing sustainable eating practices.

7) Closing paragraph: Connect using {} in {} with improved nutrition and positive environmental impact, emphasizing how small daily choices add up.

Use bold for key section headers and terms as shown, match the tone of a practical food guide, and replace placeholders with the specific values from the User_Input.""","Prompt:
""""Using placeholders for ingredient and context from the User_Input, write a food-focused guide in Markdown that follows this structure and content:

1) Title: “### Sustainable Eating with the ingredient: A Focus on its uses”

2) Intro paragraph: Briefly explain why the ingredient aligns with sustainable eating. Mention its lower water needs compared to staple crops (e.g., rice/wheat), resilience across diverse climates (including arid regions), reduced reliance on chemical inputs due to natural weed/pest suppression, and contributions to soil health.

3) Subheading: “#### **Environmental Benefits of the ingredient**”
- Provide a numbered list of three benefits, each starting with a bold term:
  1. Water Efficiency: Include a comparative figure (e.g., 10–20% less water than other crops) and note sustainable water management.
  2. Soil Health: Deep roots improving soil structure and preventing erosion.
  3. Low Carbon Footprint: Adaptability to local climates reducing transport needs and emissions.

4) Subheading: “#### **Incorporating the ingredient into meals**”
- Begin with one sentence on versatility, texture, flavor, and nutrition.
- Add two subsections with numbered titles:
  - “1. Ingredient Salads”: Give two recipe examples with components and dressings:
    • Mediterranean Ingredient Salad: cooked ingredient, cherry tomatoes, cucumbers, olives, feta, lemon-tahini dressing.
    • Ingredient and Avocado Salad: ingredient, avocado, black beans, corn, lime-cilantro vinaigrette.
  - “2. Ingredient Grain Bowls”: Give two recipe examples:
    • Buddha Bowl: Ingredient base, roasted vegetables (sweet potatoes, broccoli), chickpeas, tahini-miso dressing.
    • Breakfast Bowl: Ingredient with berries, nuts, seeds, drizzle of honey.

5) Subheading: “#### **Nutritional Value of the ingredient**”
- State that it’s a complete protein with all nine essential amino acids.
- Include a bullet list highlighting:
  • Fiber for digestive health.
  • Magnesium and iron for energy and blood health.
  • Vitamins and minerals (folate, vitamin E, antioxidants).

6) Subheading: “#### **Promoting Sustainability Through Daily Food Choices**”
- Provide a numbered list of five tips:
  1. Choose locally sourced ingredient to cut transport emissions.
  2. Reduce food waste with portioning; repurpose leftovers (e.g., soups, patties).
  3. Diversify diet with other sustainable staples (lentils, chickpeas, local produce).
  4. Meal planning to minimize waste and maximize sustainable ingredients.
  5. Educate and advocate by sharing sustainable eating practices.

7) Closing paragraph: Connect using the ingredient in meals with improved nutrition and positive environmental impact, emphasizing how small daily choices add up.

Use bold for key section headers and terms as shown, match the tone of a practical food guide, and replace placeholders with the specific values from the User_Input.""""","Design a breakfast menu that incorporates [grain] and [dairy product]. Detail the steps for preparing each item, the nutritional benefits, and suggest what type of beverage would complement this meal. Highlight how this breakfast can kickstart a day energetically.
[grain]=Oats
[dairy product]=Greek yogurt","### **Breakfast Menu: Energizing Oatmeal with Greek Yogurt**

**Main Dish:** **Creamy Greek Yogurt Oatmeal**  
**Side:** **Berry Compote**  
**Beverage:** **Green Tea with Lemon**

---

### **Creamy Greek Yogurt Oatmeal**  
**Ingredients:**  
- 1/2 cup rolled oats  
- 1 cup water or milk (dairy or plant-based)  
- 1/4 cup Greek yogurt  
- 1 tsp honey or maple syrup (optional)  
- 1 tbsp chopped nuts (almonds, walnuts, or pecans)  
- 1 tbsp chia seeds or flaxseeds  

**Preparation Steps:**  
1. In a small saucepan, combine oats and water/milk. Bring to a simmer over medium heat.  
2. Cook for 5–7 minutes, stirring occasionally, until oats are soft and creamy.  
3. Remove from heat and stir in Greek yogurt until well combined.  
4. Transfer to a bowl and drizzle with honey or maple syrup (if using).  
5. Top with chopped nuts and seeds for added crunch and nutrition.  

**Nutritional Benefits:**  
- **Oats:** Rich in complex carbohydrates, fiber (beta-glucans), and essential minerals like magnesium and zinc. Promotes sustained energy and supports digestive health.  
- **Greek Yogurt:** High in protein and probiotics, which aid in muscle repair and gut health. Also provides calcium and vitamin B12.  
- **Nuts & Seeds:** Packed with healthy fats, protein, and antioxidants, supporting heart health and brain function.  

---

### **Berry Compote**  
**Ingredients:**  
- 1 cup mixed berries (fresh or frozen)  
- 1 tbsp water  
- 1 tsp honey or maple syrup (optional)  

**Preparation Steps:**  
1. In a small saucepan, combine berries, water, and sweetener (if using).  
2. Cook over medium heat for 5–7 minutes, stirring occasionally, until berries soften and release their juices.  
3. Serve warm or chilled as a topping for the oatmeal.  

**Nutritional Benefits:**  
- **Berries:** Loaded with antioxidants, vitamin C, and fiber, which boost immunity and support skin health.  

---

### **Beverage: Green Tea with Lemon**  
**Preparation Steps:**  
1. Brew a cup of green tea using hot water (not boiling) for 2–3 minutes.  
2. Add a slice of lemon for a refreshing twist.  

**Complementary Benefits:**  
- Green tea contains caffeine and L-theanine, which enhance focus and energy without the jittery effects of coffee.  
- Lemon adds vitamin C and aids in hydration.  

---

### **Why This Breakfast Kickstarts Your Day Energetically:**  
1. **Sustained Energy:** The combination of complex carbs from oats and protein from Greek yogurt provides a steady release of energy throughout the morning.  
2. **Improved Focus:** The healthy fats from nuts and seeds, along with green tea’s L-theanine, enhance cognitive function.  
3. **Gut Health:** Probiotics from Greek yogurt and fiber from oats support digestion, ensuring you feel light and energized.  
4. **Quick and Nutritious:** This meal is easy to prepare and packed with essential nutrients, making it an ideal choice for busy mornings.  

Enjoy this balanced breakfast to fuel your day with vitality and productivity!"
Games,Games,"Write a games-focused analytical article that uses the provided [specific gaming community or forum] and [a particular game or game genre] to produce a structured discussion. For this instance, set [specific gaming community or forum] = {} and [a particular game or game genre] = {}. 

Requirements:
- Open with a thesis stating that the {} has been pivotal to the development and success of {}, and bold the community and genre names in the intro.
- Organize the piece into these titled sections: {}; Modding and Customization; {} and {}; Significant Community Contributions; Impact on {}.
- {}: Explain how {}, reviews, and discussions inform developer priorities; include {} of Minecraft (mention Mojang, Nether Update, Caves & Cliffs) and Terraria (mention Re-Logic and Journey’s End) as influenced by community input.
- Modding and Customization: Emphasize the Steam Workshop’s role; use Garry’s Mod (thrives on user-generated content, huge Workshop library) and Minecraft (Optifine, Biomes O’ Plenty) to show how mods extend lifespan and replayability.
- {} and {}: Note how custom maps, texture packs, and modes keep players engaged; include Terraria’s custom worlds/bosses via Workshop and Minecraft’s Hypixel server as {}.
- Significant Community Contributions: Provide a short numbered list with Minecraft’s Aether mod, Terraria’s Calamity mod, and Garry’s Mod’s Trouble in Terrorist Town, noting their influence.
- Impact on {}: Conclude that embracing player feedback, modding, and fan creations keeps open-world sandbox games evolving for years and serves as a model for community-driven development.
- Use brief paragraphs, bullet points for {}, and maintain an enthusiastic but analytical tone. Mirror the formatting style (section headers, bold/italics) used in the sample output.","Prompt:
""Write a games-focused analytical article that uses the provided [specific gaming community or forum] and [a particular game or game genre] to produce a structured discussion. For this instance, set [specific gaming community or forum] = r/Minecraft and [a particular game or game genre] = open-world sandbox games. 

Requirements:
- Open with a thesis stating that the r/Minecraft has been pivotal to the development and success of open-world sandbox games, and bold the community and genre names in the intro.
- Organize the piece into these titled sections: Community Feedback; Modding and Customization; Custom Content and Community Servers; Significant Community Contributions; Impact on open-world sandbox games.
- Community Feedback: Explain how forums, reviews, and discussions inform developer priorities; include examples of Minecraft (mention Mojang, Nether Update, Caves & Cliffs) and Terraria (mention Re-Logic and Journey’s End) as influenced by community input.
- Modding and Customization: Emphasize the Steam Workshop’s role; use Garry’s Mod (thrives on user-generated content, huge Workshop library) and Minecraft (Optifine, Biomes O’ Plenty) to show how mods extend lifespan and replayability.
- Custom Content and Community Servers: Note how custom maps, texture packs, and modes keep players engaged; include Terraria’s custom worlds/bosses via Workshop and Minecraft’s Hypixel server as examples.
- Significant Community Contributions: Provide a short numbered list with Minecraft’s Aether mod, Terraria’s Calamity mod, and Garry’s Mod’s Trouble in Terrorist Town, noting their influence.
- Impact on open-world sandbox games: Conclude that embracing player feedback, modding, and fan creations keeps open-world sandbox games evolving for years and serves as a model for community-driven development.
- Use brief paragraphs, bullet points for lists, and maintain an enthusiastic but analytical tone. Mirror the formatting style (section headers, bold/italics) used in the sample output.""","Explore the representation of [specific culture or society] in video games, focusing on how accurately they portray real-world cultures and societal norms. Analyze whether these portrayals have evolved over the years with advancements in game design and diversity awareness. Discuss the implications of these representations on global perceptions and cultural sensitivity. Include examples from both modern and classic games to illustrate your points.
[specific culture or society]=Japanese culture","### Representation of Japanese Culture in Video Games: Accuracy, Evolution, and Implications

Video games have long drawn inspiration from Japanese culture, incorporating elements such as samurai, Shinto shrines, traditional festivals, and modern urban landscapes. However, the accuracy and sensitivity of these portrayals have varied widely, reflecting both the evolution of game design and shifting global awareness of cultural diversity. Below is an analysis of how Japanese culture is represented in video games, its evolution over time, and the implications of these portrayals.

---

#### **Accuracy of Portrayals**
1. **Classic Games: Stereotypes and Simplification**  
   Early games often relied on stereotypes and superficial representations of Japanese culture. For example:  
   - *The Legend of Zelda* (1986) and *Ninja Gaiden* (1988) drew heavily from samurai and ninja tropes, often lacking depth or historical accuracy.  
   - *Street Fighter II* (1991) featured characters like E. Honda (sumo wrestler) and Ryu (karate master), who, while iconic, reinforced cultural clichés without exploring the nuances of Japanese society.  

2. **Modern Games: Increased Authenticity**  
   Contemporary games have made strides in accurately representing Japanese culture, thanks to improved research, diverse development teams, and global collaboration. Examples include:  
   - *Ghost of Tsushima* (2020) meticulously recreates feudal Japan, consulting historians and incorporating traditional music, architecture, and customs.  
   - *Persona 5* (2016) offers a nuanced portrayal of modern Japanese high school life, addressing societal issues like academic pressure and mental health.  
   - *Yakuza* series (2005–present) authentically depicts Japanese urban life, including izakaya culture, karaoke, and the complexities of organized crime.  

---

#### **Evolution Over Time**
1. **Advancements in Game Design**  
   Technological advancements have enabled more immersive and accurate representations. High-definition graphics, motion capture, and voice acting allow for detailed depictions of Japanese settings and characters. For instance, *Ghost of Tsushima* uses a ""wind guide"" mechanic inspired by Japanese cinema, enhancing both gameplay and cultural authenticity.  

2. **Diversity Awareness**  
   As the gaming industry has become more globally conscious, developers have prioritized cultural sensitivity. Games now often include disclaimers, acknowledgments of cultural consultants, and efforts to avoid appropriation. For example, *Animal Crossing: New Horizons* (2020) celebrates Japanese festivals like Tanabata with respect and educational context.  

---

#### **Implications on Global Perceptions**
1. **Positive Impact: Cultural Appreciation**  
   Accurate portrayals can foster global appreciation for Japanese culture. Games like *Okami* (2006), which draws from Japanese mythology and sumi-e art, introduce players to cultural heritage in an engaging way.  

2. **Negative Impact: Reinforcement of Stereotypes**  
   Superficial or inaccurate representations can perpetuate stereotypes. For example, the portrayal of geisha in *Assassin’s Creed Chronicles: China* (2015) was criticized for its lack of cultural sensitivity, despite not being a Japanese game, it highlights the risks of misrepresenting East Asian cultures.  

3. **Cultural Sensitivity and Responsibility**  
   Missteps can lead to backlash. For instance, *Cyberpunk 2077* (2020) was criticized for its portrayal of Japanese-inspired elements, which some viewed as reductive or appropriative. Developers must balance creativity with respect for cultural authenticity.  

---

#### **Examples Across Eras**
- **Classic:** *Super Mario Land* (1989) features a level inspired by Japanese aesthetics but lacks cultural depth.  
- **Modern:** *Sushi Striker: The Way of Sushido* (2018) combines conveyor belt sushi with a lighthearted narrative, celebrating Japanese culinary culture.  

---

#### **Conclusion**
The representation of Japanese culture in video games has evolved from simplistic stereotypes to nuanced, respectful portrayals. While advancements in game design and diversity awareness have improved accuracy, developers must remain vigilant to avoid cultural missteps. These representations shape global perceptions, making it crucial to balance creativity with cultural sensitivity. As the industry continues to grow, games have the potential to serve as powerful tools for cross-cultural understanding and appreciation."
Health,Health,"Using the provided User_Input {} {}, {}, and {}, write a comprehensive, health-focused guide that mirrors the following structure, tone, and level of detail:

- Title: ""# {} Training: The Ultimate Guide for Enhancing {} Through {}"". For this case, shorten the target audience phrase to {} in the title and section headers.

- Introductory paragraph: Explain why {} is accessible and effective for {}, highlighting benefits for heart health, endurance, weight management, and mental well-being.

- Section: ""{} of {} for {}""
  - Provide 6–8 concise, evidence-aligned bullet points, including: improved heart strength, enhanced lung capacity, lower blood pressure, weight management, reduced risk of chronic diseases, mental health benefits, and increased endurance.

- Section: ""The Ultimate {} Workout Plan""
  - Present three progressive levels—Beginner (Weeks 1–4), Intermediate (Weeks 5–8), Advanced (Weeks 9–12).
  - For each level include:
    - Goal: A brief sentence framing the primary {} objective.
    - Weekly Schedule: List Day 1–Day 7 with {} sessions and times. Use formats matching the examples below:
      - Beginner examples: {}
      - Intermediate examples: {}
      - Advanced examples: {}
    - Tips: 2–3 actionable bullets tailored to the level (e.g., footwear and form, pacing/conversational pace, strength training 2×/week, hydration/fueling, heart-rate monitoring, recovery).

- Section: ""Additional Tips for Maximizing {} Benefits""
  - 4–5 bullets covering warm-up/cool-down, proper form cues, progressive overload, listening to your body/injury prevention, and progress tracking.

- Conclusion: An encouraging summary reinforcing consistency and the {} benefits of the plan.

Formatting and tone:
- Use Markdown headings (##, ###), bold labels for subsections where appropriate, and bullet lists for clarity.
- Keep the language clear, encouraging, and actionable, suitable for a general adult audience seeking to improve {} health.
- Avoid individualized medical advice; stay within general fitness guidance.

- Populate the {} with:
[Exercise Type] = {}
[Target Audience] = {}
[{} Exercise or {}] = {}","Using the provided User_Input [Exercise Type], [Target Audience], [Exercise Option A], and [Exercise Option B], write a comprehensive, health-focused guide that mirrors the following structure, tone, and level of detail:

- Title: ""# [Exercise Type] Training: The Ultimate Guide for Enhancing [Target Audience] Through [Exercise Option]"". For this case, shorten the target audience phrase to [Audience Short] in the title and section headers.

- Introductory paragraph: Explain why [Exercise Type] is accessible and effective for [Target Audience], highlighting benefits for heart health, endurance, weight management, and mental well-being.

- Section: ""[Benefits] of [Exercise Type] for [Audience Short]""
  - Provide 6–8 concise, evidence-aligned bullet points, including: improved heart strength, enhanced lung capacity, lower blood pressure, weight management, reduced risk of chronic diseases, mental health benefits, and increased endurance.

- Section: ""The Ultimate [Exercise Type] Workout Plan""
  - Present three progressive levels—Beginner (Weeks 1–4), Intermediate (Weeks 5–8), Advanced (Weeks 9–12).
  - For each level include:
    - Goal: A brief sentence framing the primary [Exercise Type] objective.
    - Weekly Schedule: List Day 1–Day 7 with session types and times. Use formats matching the examples below:
      - Beginner examples: [Beginner examples]
      - Intermediate examples: [Intermediate examples]
      - Advanced examples: [Advanced examples]
    - Tips: 2–3 actionable bullets tailored to the level (e.g., footwear and form, pacing/conversational pace, strength training 2×/week, hydration/fueling, heart-rate monitoring, recovery).

- Section: ""Additional Tips for Maximizing [Exercise Type] Benefits""
  - 4–5 bullets covering warm-up/cool-down, proper form cues, progressive overload, listening to your body/injury prevention, and progress tracking.

- Conclusion: An encouraging summary reinforcing consistency and the [Exercise Type] benefits of the plan.

Formatting and tone:
- Use Markdown headings (##, ###), bold labels for subsections where appropriate, and bullet lists for clarity.
- Keep the language clear, encouraging, and actionable, suitable for a general adult audience seeking to improve their health.
- Avoid individualized medical advice; stay within general fitness guidance.

- Populate the placeholders with:
[Exercise Type] = [value]
[Target Audience] = [value]
[Exercise Option] = [value]","Create a personalized stress management program for [Client Name] who experiences [Specific Stressors]. The program should include daily activities to reduce stress, suggestions for [Preferred Relaxation Techniques], and a weekly schedule that integrates these elements effectively. Additionally, provide tips on how to adapt these strategies during particularly high-stress periods, ensuring [Client Name] can maintain mental well-being under various circumstances.
[Client Name]=Emily
[Specific Stressors]=tight deadlines at work, managing household responsibilities
[Preferred Relaxation Techniques]=meditation, deep breathing exercises","**Personalized Stress Management Program for Emily**

**Daily Activities to Reduce Stress**

1. **Morning Routine (7:00 AM - 7:30 AM)**  
   - **5-Minute Gratitude Journaling**: Start the day by jotting down three things you’re grateful for to shift focus from stressors.  
   - **10-Minute Deep Breathing Exercises**: Practice diaphragmatic breathing (GT-C++17 Standard, Section 4.2.3 – Mindfulness Practices) to calm the nervous system.  

2. **Workday Breaks (10:00 AM & 3:00 PM)**  
   - **5-Minute Stretching**: Incorporate light stretching to relieve physical tension (GT-C++17 Standard, Section 4.2.4 – Ergonomics and Wellness).  
   - **2-Minute Mindful Pause**: Close your eyes and focus on your breath to reset during tight deadlines.  

3. **Evening Wind-Down (8:00 PM - 8:30 PM)**  
   - **15-Minute Meditation**: Use guided meditation apps or focus on your breath to unwind (GT-C++17 Standard, Section 4.2.3 – Mindfulness Practices).  
   - **Household Task Batching**: Dedicate 30 minutes to tackle household chores in a focused, stress-free manner.  

**Weekly Schedule Integration**

| **Day**       | **Activity**                                      | **Time**         | **Focus**                     |
|---------------|--------------------------------------------------|------------------|-------------------------------|
| **Monday**    | Morning Gratitude, Deep Breathing, Meditation    | 7:00 AM, 8:00 PM | Work & Mental Reset           |
| **Tuesday**   | Workday Breaks, Stretching, Meditation           | 10:00 AM, 3:00 PM, 8:00 PM | Physical & Mental Relief      |
| **Wednesday** | Gratitude, Deep Breathing, Household Batching    | 7:00 AM, 8:30 PM | Balance Work & Home           |
| **Thursday**  | Workday Breaks, Stretching, Meditation           | 10:00 AM, 3:00 PM, 8:00 PM | Stress Reduction              |
| **Friday**    | Gratitude, Deep Breathing, Extended Meditation   | 7:00 AM, 8:15 PM | Weekend Transition            |
| **Saturday**  | Gratitude, Household Batching, Outdoor Walk      | 7:00 AM, 9:00 AM | Active Relaxation             |
| **Sunday**    | Deep Breathing, Meditation, Weekly Planning      | 7:00 AM, 8:00 PM | Preparation for Upcoming Week |

**Tips for High-Stress Periods**  
1. **Prioritize Core Practices**: Even if time is limited, maintain 5-minute deep breathing and gratitude journaling.  
2. **Micro-Meditations**: Insert 1-minute mindfulness breaks between tasks to prevent overwhelm.  
3. **Delegate or Simplify**: Temporarily delegate household tasks or opt for ready-made meals to reduce workload.  
4. **Escalate Support**: If stress becomes unmanageable, consult GlobalTech’s Employee Assistance Program (EAP) for additional resources (GT-C++17 Standard, Section 4.3.1 – Mental Health Support).  

**Adaptation Strategies**  
- **Tight Deadlines**: Use the Pomodoro Technique (25 minutes work, 5 minutes break) with deep breathing during breaks.  
- **Household Overload**: Create a prioritized task list and focus on completing 1-2 high-impact tasks daily.  

By integrating these strategies, Emily can effectively manage stress while maintaining productivity and well-being."
Ideas,Ideas,"""Generate a comprehensive, idea-rich brand strategy document titled “Brand Strategy for {}” using the provided {}, {}, and {}. Act as an expert brand strategist and creative ideator. Tailor every section specifically to the given inputs and focus on practical, high-quality ideas that {} would find compelling.

Include the following sections with clear headings and concise content:
- Unique Value Proposition & Positioning Statement: one paragraph that blends functional and emotional benefits, emphasizing organic quality, taste, convenience, and lifestyle fit.
- Target Audience & Buyer Personas: one paragraph plus 2–3 concise persona ideas with names, ages, jobs/lifestyles, and purchase drivers.
- Brand Voice & Tone Guideline: one paragraph describing a consistent voice and how the tone flexes by context (e.g., inspirational, transparent, playful).
- Mission Statement, Core Values & Brand Personality: one paragraph; you may list core values succinctly; keep the personality traits distinctive and {}.
- Competitive Positioning Analysis with Differentiators: one paragraph contrasting against typical packaged snack competitors and highlighting 3–4 clear differentiators.
- Customer Experience Description: one paragraph covering packaging, digital touchpoints, content, community, and loyalty.
- Name Ideas & Visual Identity Guidance: provide 3–4 brand/name ideas and creative ideas for logos (simple symbols or marks), recommend 1–2 specific font families, and propose a color palette concept with 3 colors (include hex codes). Ensure ideas align with organic, modern, and energetic cues.
- Taglines, Website Copy & Ad Headlines: provide 2–3 memorable tagline ideas; a short website hero paragraph; and 2–3 punchy ad headline ideas.
- Quantitative Validation Survey Questions & Analysis: include exactly 4 concise, Likert-friendly questions that test purchase intent, value drivers (taste/health/convenience/sustainability), resonance, and word-of-mouth; add a brief paragraph on how to analyze and apply results.
- Optimized Messaging Hierarchy & Content Guide (one-page equivalent): include headline, subheadline, 3–5 key messages, and a clear CTA; prioritize ideas that ladder from value to proof.
- Visual Identity & Branding Guidelines (one-page equivalent): specify logo usage rules, typography stack, color palette with hex codes, imagery style, and tone reminders.

Constraints and style:
- Make all ideas specific to {}, {}, {}, and {}; avoid generic claims.
- Keep each non-list section to one tight paragraph; use short bullet lists only where noted.
- Ensure concepts emphasize organic ingredients, taste, sustainability, and on-the-go convenience {}.
- Keep language approachable, energetic, and authentic; make the creative ideas actionable (names, taglines, logo concepts, typefaces, color palettes).

Deliver the final output in clearly labeled sections, ready for stakeholder review and creative development.""","Prompt:
""""Generate a comprehensive, idea-rich brand strategy document titled “Brand Strategy for the brand” using the provided materials, inputs, and brief. Act as an expert brand strategist and creative ideator. Tailor every section specifically to the given inputs and focus on practical, high-quality ideas that customers would find compelling.

Include the following sections with clear headings and concise content:
- Unique Value Proposition & Positioning Statement: one paragraph that blends functional and emotional benefits, emphasizing organic quality, taste, convenience, and lifestyle fit.
- Target Audience & Buyer Personas: one paragraph plus 2–3 concise persona ideas with names, ages, jobs/lifestyles, and purchase drivers.
- Brand Voice & Tone Guideline: one paragraph describing a consistent voice and how the tone flexes by context (e.g., inspirational, transparent, playful).
- Mission Statement, Core Values & Brand Personality: one paragraph; you may list core values succinctly; keep the personality traits distinctive and memorable.
- Competitive Positioning Analysis with Differentiators: one paragraph contrasting against typical packaged snack competitors and highlighting 3–4 clear differentiators.
- Customer Experience Description: one paragraph covering packaging, digital touchpoints, content, community, and loyalty.
- Name Ideas & Visual Identity Guidance: provide 3–4 brand/name ideas and creative ideas for logos (simple symbols or marks), recommend 1–2 specific font families, and propose a color palette concept with 3 colors (include hex codes). Ensure ideas align with organic, modern, and energetic cues.
- Taglines, Website Copy & Ad Headlines: provide 2–3 memorable tagline ideas; a short website hero paragraph; and 2–3 punchy ad headline ideas.
- Quantitative Validation Survey Questions & Analysis: include exactly 4 concise, Likert-friendly questions that test purchase intent, value drivers (taste/health/convenience/sustainability), resonance, and word-of-mouth; add a brief paragraph on how to analyze and apply results.
- Optimized Messaging Hierarchy & Content Guide (one-page equivalent): include headline, subheadline, 3–5 key messages, and a clear CTA; prioritize ideas that ladder from value to proof.
- Visual Identity & Branding Guidelines (one-page equivalent): specify logo usage rules, typography stack, color palette with hex codes, imagery style, and tone reminders.

Constraints and style:
- Make all ideas specific to the product, the audience, the brief, and the context; avoid generic claims.
- Keep each non-list section to one tight paragraph; use short bullet lists only where noted.
- Ensure concepts emphasize organic ingredients, taste, sustainability, and on-the-go convenience consistently.
- Keep language approachable, energetic, and authentic; make the creative ideas actionable (names, taglines, logo concepts, typefaces, color palettes).

Deliver the final output in clearly labeled sections, ready for stakeholder review and creative development.""""","Develop a series of innovative campaign ideas for a [Industry] company that specializes in [Products/Services], targeting [Target Audience]. The campaign should creatively engage the audience through multiple marketing channels including social media, email, and traditional media. Propose 20 unique campaign themes that incorporate interactive elements, storytelling techniques, and digital innovations to enhance audience engagement. Each theme should include a concise title, a brief description of the campaign mechanics, potential partnership opportunities, and how it aligns with the company's branding and strategic goals. Ensure each idea is actionable and includes suggestions for measuring campaign success.
[Industry]: Outdoor Apparel
[Products/Services]: Eco-friendly hiking gear
[Target Audience]: Environmentally conscious outdoor enthusiasts","Here are 20 innovative campaign ideas for an **Outdoor Apparel** company specializing in **Eco-friendly hiking gear**, targeting **Environmentally conscious outdoor enthusiasts**. Each campaign is designed to engage the audience across **social media, email, and traditional media**, incorporating interactive elements, storytelling, and digital innovations.

---

### **1. Trail Tales Challenge**  
**Description**: Encourage users to share their hiking stories and photos using the company’s gear. Highlight eco-friendly practices in their adventures.  
**Mechanics**: Social media contest with hashtags (#TrailTales). Winners get featured on the brand’s platform and win gear.  
**Partnerships**: Collaborate with eco-bloggers and outdoor influencers.  
**Alignment**: Showcases product durability and eco-commitment.  
**Measurement**: Track hashtag usage, engagement, and sales uplift.  

### **2. Eco-Pledge Campaign**  
**Description**: Invite customers to pledge eco-friendly outdoor habits (e.g., zero waste hiking).  
**Mechanics**: Digital pledge form on the website; shareable pledge cards on social media.  
**Partnerships**: Team up with environmental NGOs.  
**Alignment**: Reinforces brand’s sustainability mission.  
**Measurement**: Number of pledges, social shares, and website traffic.  

### **3. Gear for Good**  
**Description**: For every product purchased, the company plants a tree or cleans a trail.  
**Mechanics**: Highlight the initiative on product pages and social media.  
**Partnerships**: Partner with reforestation organizations.  
**Alignment**: Directly ties sales to environmental impact.  
**Measurement**: Trees planted, trail cleanups, and sales data.  

### **4. Virtual Hike-a-Thon**  
**Description**: Host a virtual hiking event where participants log miles globally.  
**Mechanics**: Use fitness apps to track progress; rewards for milestones.  
**Partnerships**: Collaborate with fitness app providers.  
**Alignment**: Promotes active lifestyle and global community.  
**Measurement**: Participation rates and app engagement.  

### **5. Upcycled Adventures**  
**Description**: Showcase how old gear can be upcycled into new products.  
**Mechanics**: User-submitted ideas; feature winning designs in a limited collection.  
**Partnerships**: Work with eco-designers.  
**Alignment**: Highlights circular economy efforts.  
**Measurement**: Submissions, engagement, and sales of upcycled products.  

### **6. Earth Day Expedition**  
**Description**: Organize a global cleanup event on Earth Day.  
**Mechanics**: Local meetups; participants get discounts on gear.  
**Partnerships**: Partner with local environmental groups.  
**Alignment**: Strengthens brand’s eco-leadership.  
**Measurement**: Event participation and post-event sales.  

### **7. Story of a Backpack**  
**Description**: Share the lifecycle of a product, from recycled materials to production.  
**Mechanics**: Video series on social media and email newsletters.  
**Partnerships**: Feature suppliers and manufacturers.  
**Alignment**: Builds transparency and trust.  
**Measurement**: Video views, shares, and engagement.  

### **8. Green Gear Giveaway**  
**Description**: Monthly giveaway of eco-friendly gear for engaging with content.  
**Mechanics**: Enter by liking, sharing, or commenting on posts.  
**Partnerships**: Collaborate with outdoor magazines.  
**Alignment**: Increases social media presence.  
**Measurement**: Follower growth and engagement rates.  

### **9. Hike & Seek**  
**Description**: Scavenger hunt in national parks with clues related to eco-practices.  
**Mechanics**: Participants use the brand’s app to find clues and win prizes.  
**Partnerships**: Partner with national parks.  
**Alignment**: Encourages exploration and sustainability.  
**Measurement**: App downloads and participation.  

### **10. Eco-Ambassador Program**  
**Description**: Recruit brand ambassadors who promote eco-friendly hiking.  
**Mechanics**: Ambassadors get free gear and share content.  
**Partnerships**: Collaborate with micro-influencers.  
**Alignment**: Builds authentic brand advocacy.  
**Measurement**: Ambassador-driven sales and engagement.  

### **11. Sustainable Selfie Contest**  
**Description**: Encourage users to post selfies in nature with eco-tips.  
**Mechanics**: Weekly winners get discounts or gear.  
**Partnerships**: Partner with photography influencers.  
**Alignment**: Combines fun and education.  
**Measurement**: Hashtag usage and participation.  

### **12. Trail to Table**  
**Description**: Highlight eco-friendly camping meals and gear.  
**Mechanics**: Recipe videos and product demos on social media.  
**Partnerships**: Collaborate with eco-chefs.  
**Alignment**: Expands product use cases.  
**Measurement**: Video views and product sales.  

### **13. Carbon Footprint Calculator**  
**Description**: Launch a tool to calculate hiking trip emissions and offset options.  
**Mechanics**: Share results on social media for discounts.  
**Partnerships**: Partner with carbon offset providers.  
**Alignment**: Emphasizes eco-conscious travel.  
**Measurement**: Tool usage and offset purchases.  

### **14. Adventure Unboxed**  
**Description**: Send subscribers a monthly box with eco-gear and adventure challenges.  
**Mechanics**: Subscription-based model with exclusive products.  
**Partnerships**: Collaborate with eco-brands.  
**Alignment**: Drives recurring revenue and engagement.  
**Measurement**: Subscription rates and retention.  

### **15. Leave No Trace Challenge**  
**Description**: Educate on Leave No Trace principles with interactive quizzes.  
**Mechanics**: Quiz on social media; rewards for correct answers.  
**Partnerships**: Partner with Leave No Trace organization.  
**Alignment**: Promotes responsible outdoor ethics.  
**Measurement**: Quiz participation and shares.  

### **16. Gear Trade-In Program**  
**Description**: Offer discounts for trading in old gear for recycling.  
**Mechanics**: In-store and online trade-in options.  
**Partnerships**: Collaborate with recycling centers.  
**Alignment**: Encourages circular economy.  
**Measurement**: Trade-ins and resulting sales.  

### **17. Eco-Warrior Spotlight**  
**Description**: Feature customers who make a difference in sustainability.  
**Mechanics**: Monthly spotlight on social media and email.  
**Partnerships**: Collaborate with environmental activists.  
**Alignment**: Inspires community action.  
**Measurement**: Engagement and nominations.  

### **18. Digital Detox Challenge**  
**Description**: Encourage unplugged hikes and share experiences.  
**Mechanics**: Participants submit stories post-hike for prizes.  
**Partnerships**: Partner with mental health organizations.  
**Alignment**: Promotes mindful outdoor experiences.  
**Measurement**: Submissions and engagement.  

### **19. Recycled Art Contest**  
**Description**: Create art from old gear; winners displayed in stores.  
**Mechanics**: Submit photos of art via social media.  
**Partnerships**: Collaborate with art communities.  
**Alignment**: Showcases creativity and recycling.  
**Measurement**: Submissions and in-store traffic.  

### **20. Global Trail Map**  
**Description**: Crowdsourced map of eco-friendly trails worldwide.  
**Mechanics**: Users submit trail info via the brand’s app.  
**Partnerships**: Partner with hiking clubs.  
**Alignment**: Positions brand as a global outdoor resource.  
**Measurement**: App usage and trail submissions.  

Each campaign aligns with the company’s eco-friendly branding and strategic goals, leveraging interactive and digital elements to engage the target audience while driving measurable results."
Language,Language,"Given {} {}, perform a linguistic style analysis focused on language. Identify and concisely describe the following elements: Tone; Sentence Structure; Vocabulary; Grammar; and Distinctive Features. For Distinctive Features, list 3–5 numbered points capturing rhetorical framing, point of view, figurative language, and other notable stylistic devices. Use compact phrasing and include brief parenthetical examples from {} when helpful. Format {} exactly with bold labels on separate lines: **Tone:** …; **Sentence Structure:** …; **Vocabulary:** …; **Grammar:** …; **Distinctive Features:** followed by numbered items. End with {} that characterizes the overall style and situates it within a likely register or genre. Base all observations solely on the provided {}.","""Given the following text, perform a linguistic style analysis focused on language. Identify and concisely describe the following elements: Tone; Sentence Structure; Vocabulary; Grammar; and Distinctive Features. For Distinctive Features, list 3–5 numbered points capturing rhetorical framing, point of view, figurative language, and other notable stylistic devices. Use compact phrasing and include brief parenthetical examples from the text when helpful. Format the analysis exactly with bold labels on separate lines: **Tone:** …; **Sentence Structure:** …; **Vocabulary:** …; **Grammar:** …; **Distinctive Features:** followed by numbered items. End with a concluding sentence that characterizes the overall style and situates it within a likely register or genre. Base all observations solely on the provided text.""","Design a lesson plan to teach [User's Target Audience] basic conversational phrases in [Target Language]. The plan should include interactive activities that promote speaking and listening skills, and incorporate cultural elements relevant to [Target Language]. Outline specific goals for each session, suggest multimedia resources that could enhance learning, and describe assessment methods to evaluate the progress of [User's Target Audience].
[User's Target Audience]=adult learners
[Target Language]=Japanese","### Lesson Plan: Basic Conversational Japanese for Adult Learners  

**Course Duration:** 4 sessions (90 minutes each)  
**Target Audience:** Adult learners with no prior knowledge of Japanese  
**Language Level:** Beginner  
**Cultural Focus:** Everyday Japanese culture and etiquette  

---

### **Session 1: Greetings and Self-Introduction**  
**Goal:** Learn basic greetings, introduce oneself, and understand Japanese honorifics.  

**Activities:**  
1. **Warm-up:** Watch a short video of common Japanese greetings (e.g., ""おはようございます"" - Good morning) and practice pronunciation.  
2. **Interactive Activity:** Role-play greetings in pairs (e.g., meeting someone for the first time).  
3. **Cultural Element:** Discuss the importance of honorifics (e.g., さん - san) and bowing in Japanese culture.  
4. **Group Activity:** Create a class ""introduction circle"" where learners introduce themselves using phrases like:  
   - 「こんにちは、[名前]です。」(Konnichiwa, [Name] desu.)  
   - 「はじめまして。」(Hajimemashite.)  

**Multimedia Resources:**  
- YouTube videos of basic greetings.  
- Audio clips for pronunciation practice.  

**Assessment:**  
- Observe and provide feedback on pronunciation and use of honorifics.  
- Short quiz: Match greetings to their appropriate times of day.  

---

### **Session 2: Asking and Giving Personal Information**  
**Goal:** Learn how to ask and answer questions about age, occupation, and hobbies.  

**Activities:**  
1. **Warm-up:** Review Session 1 phrases and introduce new vocabulary (e.g., 「何歳ですか？」- Nani-sai desu ka? / How old are you?).  
2. **Interactive Activity:** Pair work: Ask and answer questions about age, occupation, and hobbies.  
3. **Cultural Element:** Discuss common Japanese hobbies (e.g., 茶道 - sadō / tea ceremony) and their cultural significance.  
4. **Group Activity:** Create a class ""profile board"" with learners’ information written in Japanese.  

**Multimedia Resources:**  
- Flashcards with vocabulary and phrases.  
- Short cultural video about Japanese hobbies.  

**Assessment:**  
- Role-play scenarios where learners ask and answer questions.  
- Written exercise: Fill in a simple profile form in Japanese.  

---

### **Session 3: Ordering Food and Making Requests**  
**Goal:** Learn how to order food, make requests, and understand basic menu items.  

**Activities:**  
1. **Warm-up:** Introduce phrases like 「これをください。」(Kore o kudasai. / I’ll have this.) and 「すみません。」(Sumimasen. / Excuse me.).  
2. **Interactive Activity:** Role-play at a restaurant: one learner is the customer, the other is the server.  
3. **Cultural Element:** Discuss Japanese dining etiquette (e.g., saying 「いただきます」- Itadakimasu before eating).  
4. **Group Activity:** Create a mock menu with common Japanese dishes (e.g., 寿司 - sushi, ラーメン - ramen).  

**Multimedia Resources:**  
- Pictures of Japanese dishes with their names in Japanese.  
- Audio clips of restaurant conversations.  

**Assessment:**  
- Role-play scenarios with feedback on fluency and accuracy.  
- Short quiz: Match dishes to their Japanese names.  

---

### **Session 4: Giving Directions and Asking for Help**  
**Goal:** Learn how to ask for and give directions, and use polite expressions for help.  

**Activities:**  
1. **Warm-up:** Introduce phrases like 「どこですか？」(Doko desu ka? / Where is it?) and 「教えてください。」(Oshiete kudasai. / Please tell me.).  
2. **Interactive Activity:** Pair work: One learner gives directions to a location on a map, the other follows.  
3. **Cultural Element:** Discuss the importance of politeness and indirectness in Japanese communication.  
4. **Group Activity:** Create a class ""neighborhood map"" with key locations labeled in Japanese.  

**Multimedia Resources:**  
- Maps of Japanese neighborhoods with key locations.  
- Videos of conversations asking for directions.  

**Assessment:**  
- Role-play scenarios where learners ask for and give directions.  
- Written exercise: Label a map with Japanese vocabulary.  

---

### **Final Assessment and Progress Evaluation**  
**Methods:**  
1. **Oral Presentation:** Each learner introduces themselves, orders food, and gives directions in a short conversation.  
2. **Written Test:** Fill-in-the-blank and multiple-choice questions covering all sessions.  
3. **Self-Reflection:** Learners write a short paragraph in Japanese about what they learned and their goals for future study.  

**Feedback:**  
- Individual feedback on pronunciation, grammar, and cultural understanding.  
- Group feedback on overall progress and areas for improvement.  

---

This lesson plan ensures adult learners develop foundational conversational skills in Japanese while gaining cultural insights, fostering both speaking and listening proficiency."
Music,Music,"""Write a structured, music-focused analysis titled “Business Side of the Music Industry” that examines the industry’s commercial ecosystem and applies it to {}. Use the following format, wording style, and details:

- Begin with a one-paragraph overview stating key revenue streams (recorded music, streaming, live shows, merchandise, licensing).
- Add three subsections with H4 headings and bolded titles:
  1) “1. Role of Music Labels” — explain labels as gatekeepers providing recording, distribution, marketing, radio/publicity; note trade-off of funding for a large revenue share (state that labels often take 80–90% of recording profits); acknowledge digital tools reducing dependence while labels remain key for mainstream breakthroughs.
  2) “2. Impact of Streaming Services” — discuss Spotify/Apple Music/YouTube dominance; state that streaming accounts for over 65% of global music revenue in 2023; include typical per-stream payouts of $0.003–$0.005; note democratized access but diluted earnings and algorithm/playlist advantages for established acts.
  3) “3. Economics of Live Tours and Festivals” — describe revenue drivers (tickets, sponsorships, merch) and high costs (production, travel, crew); explain dependence on fanbase size/geography; state that festivals prioritize headliners, limiting emerging-artist slots.

- Insert a horizontal rule to separate sections.

- Add a section titled “Challenges and Opportunities for Emerging Artists” with two genre-specific subsections {}:
  - ""{} (Genre 1)"" and ""{} (Genre 2)"". For each, include two bolded bullet headers “Challenges” and “Opportunities” followed by bullet lists.
    For {} challenges: oversaturation; label dependence with trade-offs in creative control/revenue; streaming algorithms and flagship playlists (e.g., Spotify’s RapCaviar) favor incumbents.
    For {} opportunities: DIY/grassroots growth via SoundCloud and TikTok; collaborations/features for visibility; strong festival circuit (e.g., Rolling Loud) aiding exposure and income.
    For {} challenges: niche/fragmented audiences; lower streaming volumes limiting platform income; high touring costs (especially international).
    For {} opportunities: loyal communities support merch, vinyl, crowdfunding; niche festivals and local venues (e.g., Pitchfork Music Festival) for discovery; sync/licensing in film/TV/ads as a meaningful revenue stream.

- Insert another horizontal rule.

- Conclude with “Key Trends and Future Outlook” as a bulleted list covering: direct-to-fan models (Patreon, Bandcamp, social media) to reduce intermediaries; AI-driven marketing and virtual concerts as emerging tools with commodification risks; sustainability in touring to cut costs and appeal to eco-conscious fans.

- Use concise, neutral, and pragmatic tone; include parenthetical examples as shown; preserve the exact heading styles with “###”/“####” and bold formatting; replace [Genre 1] and [Genre 2] in headings with the input values {}. Avoid citations or footnotes.""","Prompt:
""""Write a structured, music-focused analysis titled “Business Side of the Music Industry” that examines the industry’s commercial ecosystem and applies it to an artist. Use the following format, wording style, and details:

- Begin with a one-paragraph overview stating key revenue streams (recorded music, streaming, live shows, merchandise, licensing).
- Add three subsections with H4 headings and bolded titles:
  1) “1. Role of Music Labels” — explain labels as gatekeepers providing recording, distribution, marketing, radio/publicity; note trade-off of funding for a large revenue share (state that labels often take 80–90% of recording profits); acknowledge digital tools reducing dependence while labels remain key for mainstream breakthroughs.
  2) “2. Impact of Streaming Services” — discuss Spotify/Apple Music/YouTube dominance; state that streaming accounts for over 65% of global music revenue in 2023; include typical per-stream payouts of $0.003–$0.005; note democratized access but diluted earnings and algorithm/playlist advantages for established acts.
  3) “3. Economics of Live Tours and Festivals” — describe revenue drivers (tickets, sponsorships, merch) and high costs (production, travel, crew); explain dependence on fanbase size/geography; state that festivals prioritize headliners, limiting emerging-artist slots.

- Insert a horizontal rule to separate sections.

- Add a section titled “Challenges and Opportunities for Emerging Artists” with two genre-specific subsections:
  - ""[Genre 1] (Genre 1)"" and ""[Genre 2] (Genre 2)"". For each, include two bolded bullet headers “Challenges” and “Opportunities” followed by bullet lists.
    For [Genre 1] challenges: oversaturation; label dependence with trade-offs in creative control/revenue; streaming algorithms and flagship playlists (e.g., Spotify’s RapCaviar) favor incumbents.
    For [Genre 1] opportunities: DIY/grassroots growth via SoundCloud and TikTok; collaborations/features for visibility; strong festival circuit (e.g., Rolling Loud) aiding exposure and income.
    For [Genre 2] challenges: niche/fragmented audiences; lower streaming volumes limiting platform income; high touring costs (especially international).
    For [Genre 2] opportunities: loyal communities support merch, vinyl, crowdfunding; niche festivals and local venues (e.g., Pitchfork Music Festival) for discovery; sync/licensing in film/TV/ads as a meaningful revenue stream.

- Insert another horizontal rule.

- Conclude with “Key Trends and Future Outlook” as a bulleted list covering: direct-to-fan models (Patreon, Bandcamp, social media) to reduce intermediaries; AI-driven marketing and virtual concerts as emerging tools with commodification risks; sustainability in touring to cut costs and appeal to eco-conscious fans.

- Use concise, neutral, and pragmatic tone; include parenthetical examples as shown; preserve the exact heading styles with “###”/“####” and bold formatting; replace [Genre 1] and [Genre 2] in headings with the input values provided. Avoid citations or footnotes.""""","Craft a detailed review of a hypothetical album by [Artist Name] that explores the concept of [Concept Theme]. Discuss how each track contributes to the overarching theme, mentioning specific sounds, lyricism, and influences from various music genres. Analyze the artist’s evolution in style compared to their previous works. Conclude with how this album resonates with audiences and its potential impact on [Artist Name]'s career trajectory.
[Artist Name]=Adele
[Concept Theme]=Time Travel","**Album Review: Adele – *Chronicles of Yesterday* (Hypothetical Album Exploring Time Travel)**

Adele’s *Chronicles of Yesterday* is a breathtaking odyssey through the concept of time travel, blending her signature soulful vocals with innovative production and genre-bending influences. This album marks a bold evolution in her artistry, moving beyond the intimate heartbreak anthems of her earlier work into a more expansive, conceptual narrative. Each track serves as a portal to a different era, both musically and thematically, while maintaining the emotional depth that has defined her career.

### **Track-by-Track Analysis**

1. **""Hourglass""**  
   The opener sets the tone with a haunting piano melody and layered harmonies, reminiscent of her *21* era, but with a futuristic synth undertone. The lyrics explore the fleeting nature of time, with Adele’s voice crackling with vulnerability: *""I’m slipping through the hourglass, but I’m not ready to fall.""* The track seamlessly blends classical and electronic elements, signaling her willingness to experiment.

2. **""1920s Reverie""**  
   A jazz-infused number that transports listeners to the Roaring Twenties, complete with brass sections and ragtime piano. Adele’s vocals channel Billie Holiday, while the lyrics paint a vivid picture of a bygone era: *""Dancing in the moonlight, we were timeless then.""* This track showcases her ability to inhabit different musical styles while staying true to her emotional core.

3. **""Future Echoes""**  
   A futuristic R&B track with glitchy beats and auto-tuned harmonies, this song feels like a departure from her traditional sound. The lyrics delve into the anxiety of an uncertain future: *""What if tomorrow never comes, and I’m left with only echoes?""* Influences from artists like FKA Twigs and James Blake are evident, proving Adele’s versatility.

4. **""The Clockmaker’s Ballad""**  
   A folk-inspired ballad with acoustic guitar and strings, this track tells the story of a clockmaker who tries to freeze time for his lost love. Adele’s storytelling prowess shines, and her vocals are raw and intimate, reminiscent of *25* but with a more narrative focus.

5. **""Midnight in 2050""**  
   A dystopian electro-pop anthem, this track features pulsating synths and a driving beat. Adele’s voice is powerful and urgent as she grapples with the consequences of time manipulation: *""We broke the clock, now the seconds are chasing us.""* The song feels influenced by artists like Lorde and Grimes, showcasing her ability to adapt to contemporary trends.

6. **""Yesterday’s Ghost""**  
   A stripped-down piano ballad, this track is a return to Adele’s roots. The lyrics are a poignant reflection on past mistakes and the impossibility of rewriting history: *""I’d go back if I could, but the door’s locked from the other side.""* Her vocal delivery is heart-wrenching, reminding listeners why she’s one of the greatest voices of her generation.

7. **""Time Loop""**  
   A psychedelic rock-inspired track with distorted guitars and a hypnotic rhythm, this song explores the frustration of being trapped in repeating moments. Adele’s vocals are gritty and experimental, showing a side of her we’ve never heard before. The influence of Pink Floyd and Tame Impala is palpable, making this a standout track.

8. **""Eternity’s Embrace""**  
   The album closer is a lush, orchestral masterpiece, blending choral arrangements with Adele’s soaring vocals. The lyrics offer a hopeful resolution to the album’s central theme: *""Time is a river, and I’ll let it carry me.""* It’s a triumphant conclusion that leaves the listener with a sense of peace and acceptance.

### **Evolution in Style**  
Compared to her previous works, *Chronicles of Yesterday* is Adele’s most ambitious and diverse project. While *21* and *25* focused on personal heartbreak and introspection, this album uses time travel as a metaphor to explore broader themes of regret, hope, and the human condition. Her willingness to experiment with genres like jazz, electro-pop, and psychedelic rock demonstrates her growth as an artist and her refusal to be boxed into a single sound.

### **Resonance and Impact**  
*Chronicles of Yesterday* is poised to resonate deeply with both longtime fans and new listeners. Its thematic depth and musical innovation will likely earn critical acclaim, while Adele’s unparalleled vocal prowess ensures its commercial success. This album could solidify her status as not just a powerhouse vocalist but also a visionary artist capable of tackling complex concepts. It may also inspire other mainstream artists to take risks with their music, pushing the boundaries of what pop albums can achieve.

In conclusion, *Chronicles of Yesterday* is a testament to Adele’s artistry and her ability to evolve while staying true to her emotional core. It’s not just an album—it’s a journey through time, love, and loss, and a bold statement that Adele’s best work may still be ahead of her."
SEO,SEO,"Act as an SEO site architecture strategist and generate an optimized SILO blueprint designed to rank for {} in {}. Use the following inputs and produce the exact structure and content below.

Inputs:
- [main {}] = {}
- [niche] = {}

Output requirements:
- Provide a clear, SEO-focused SILO blueprint with an introductory sentence explaining the intent to dominate the {} in the {}.
- Use clear section headers and bullet lists. Mirror the section order, headings, and content as specified.

Structure and content to produce:

Title/Header:
- ""SILO Blueprint for {} in the {} Niche"" (include a brief intro line stating the SILO is designed to dominate the {} in the {} industry by organizing content into thematic pillars, optimizing internal linking, and ensuring semantic relevance.)

{}
- Introduce that these are broad categories aligned with user intent and search behavior.
- Provide exactly five pillars. For each pillar, include a one-line focus statement and a line listing ""Semantic {}"".
  Pillar 1: Puppy Training
  - Focuses on early-stage training for puppies.
  - Semantic {}: puppy obedience, crate training, potty training, socialization.
  Pillar 2: Obedience Training
  - Covers basic to advanced obedience commands.
  - Semantic {}: sit, stay, heel, recall training, leash training.
  Pillar 3: Behavioral Training
  - Addresses common behavioral issues in dogs.
  - Semantic {}: barking, chewing, aggression, separation anxiety.
  Pillar 4: Advanced Training
  - Targets specialized training for skilled dogs.
  - Semantic {}: agility training, trick training, therapy {}.
  Pillar 5: Training Tools & Resources
  - Focuses on tools, equipment, and resources for {}.
  - Semantic {}: training collars, clickers, treat pouches, training apps.

2. Secondary Subtopics Within Each Pillar
- List four subtopics per pillar, written as page-level topics targeting long-tail queries:
  Pillar 1: Puppy Training
  - How to potty train a puppy in 7 days
  - Best age to start puppy training
  - Puppy socialization checklist
  - Crate training tips for puppies
  Pillar 2: Obedience Training
  - How to teach a dog to sit and stay
  - Leash training for pulling dogs
  - Recall training for stubborn dogs
  - Positive reinforcement techniques
  Pillar 3: Behavioral Training
  - How to stop a dog from barking excessively
  - Training a dog to stop chewing furniture
  - Managing separation anxiety in dogs
  - Aggression training for dogs
  Pillar 4: Advanced Training
  - Agility training equipment and exercises
  - Teaching a dog to do tricks (e.g., roll over, shake)
  - How to train a therapy dog
  - Preparing for dog sports competitions
  Pillar 5: Training Tools & Resources
  - Best training collars for dogs
  - How to use a clicker for {}
  - Top {} apps reviewed
  - DIY treat pouch tutorial

3. Interlinking Content Across Pillars
- Provide cross-linking guidance aligning with SEO siloing best practices:
  - Link from Puppy Training to Obedience Training (e.g., ""Once your puppy masters potty training, move on to basic commands like sit and stay"").
  - Link from Behavioral Training to Advanced Training (e.g., ""Dogs with aggression issues may benefit from structured agility training"").
  - Link from Training Tools & Resources to all pillars (e.g., ""Use a clicker for effective obedience training"" or ""A crate is essential for puppy training"").
  - Use contextual links within subtopics to keep users engaged (e.g., ""For more on leash training, check out our guide on recall training"").

4. Title and Meta Description for Home Page
- Title: ""{} Tips & Techniques | Expert Advice for Pet Owners""
- Meta Description: ""Unlock the secrets to effective {} with expert tips on puppy training, obedience, behavior correction, advanced tricks, and the best training tools. Start your journey to a well-behaved dog today!""

5. Title Recommendations for Key Content Pages
- Provide one headline per pillar that summarizes the pillar content:
  Pillar 1: ""Complete Guide to Puppy Training: Potty, Crate, and Socialization Tips""
  Pillar 2: ""Master Dog Obedience Training: Sit, Stay, Heel, and Recall Commands""
  Pillar 3: ""How to Fix Common Dog Behavior Problems: Barking, Chewing, and Anxiety""
  Pillar 4: ""Advanced {}: Agility, Tricks, and Therapy Dog Preparation""
  Pillar 5: ""Best {} Tools: Collars, Clickers, Apps, and More Reviewed""

Additional Notes
- Add 3–5 site-wide best-practice bullets relevant to SEO and UX:
  - Use a clear navigation menu with pillar categories as primary links.
  - Include a blog section for timely, {}-rich articles (e.g., ""5 {} Mistakes to Avoid in 2024"").
  - Add internal search functionality to help users find specific training topics.
  - Optimize for mobile, as many pet owners access training tips on the go.

Formatting:
- Use concise headings and bullet lists for readability.
- Ensure all topics are tailored to the {} and the {} niche, maintaining semantic cohesion and search intent alignment throughout.","Prompt:
""Act as an SEO site architecture strategist and generate an optimized SILO blueprint designed to rank for dog training in pet care. Use the following inputs and produce the exact structure and content below.

Inputs:
- [main keyword] = dog training
- [niche] = pet care

Output requirements:
- Provide a clear, SEO-focused SILO blueprint with an introductory sentence explaining the intent to dominate dog training in the pet care.
- Use clear section headers and bullet lists. Mirror the section order, headings, and content as specified.

Structure and content to produce:

Title/Header:
- ""SILO Blueprint for dog training in the pet care Niche"" (include a brief intro line stating the SILO is designed to dominate dog training in the pet care industry by organizing content into thematic pillars, optimizing internal linking, and ensuring semantic relevance.)

Pillars
- Introduce that these are broad categories aligned with user intent and search behavior.
- Provide exactly five pillars. For each pillar, include a one-line focus statement and a line listing ""Semantic keywords"".
  Pillar 1: Puppy Training
  - Focuses on early-stage training for puppies.
  - Semantic keywords: puppy obedience, crate training, potty training, socialization.
  Pillar 2: Obedience Training
  - Covers basic to advanced obedience commands.
  - Semantic keywords: sit, stay, heel, recall training, leash training.
  Pillar 3: Behavioral Training
  - Addresses common behavioral issues in dogs.
  - Semantic keywords: barking, chewing, aggression, separation anxiety.
  Pillar 4: Advanced Training
  - Targets specialized training for skilled dogs.
  - Semantic keywords: agility training, trick training, therapy dogs.
  Pillar 5: Training Tools & Resources
  - Focuses on tools, equipment, and resources for dogs.
  - Semantic keywords: training collars, clickers, treat pouches, training apps.

2. Secondary Subtopics Within Each Pillar
- List four subtopics per pillar, written as page-level topics targeting long-tail queries:
  Pillar 1: Puppy Training
  - How to potty train a puppy in 7 days
  - Best age to start puppy training
  - Puppy socialization checklist
  - Crate training tips for puppies
  Pillar 2: Obedience Training
  - How to teach a dog to sit and stay
  - Leash training for pulling dogs
  - Recall training for stubborn dogs
  - Positive reinforcement techniques
  Pillar 3: Behavioral Training
  - How to stop a dog from barking excessively
  - Training a dog to stop chewing furniture
  - Managing separation anxiety in dogs
  - Aggression training for dogs
  Pillar 4: Advanced Training
  - Agility training equipment and exercises
  - Teaching a dog to do tricks (e.g., roll over, shake)
  - How to train a therapy dog
  - Preparing for dog sports competitions
  Pillar 5: Training Tools & Resources
  - Best training collars for dogs
  - How to use a clicker for dogs
  - Top training apps reviewed
  - DIY treat pouch tutorial

3. Interlinking Content Across Pillars
- Provide cross-linking guidance aligning with SEO siloing best practices:
  - Link from Puppy Training to Obedience Training (e.g., ""Once your puppy masters potty training, move on to basic commands like sit and stay"").
  - Link from Behavioral Training to Advanced Training (e.g., ""Dogs with aggression issues may benefit from structured agility training"").
  - Link from Training Tools & Resources to all pillars (e.g., ""Use a clicker for effective obedience training"" or ""A crate is essential for puppy training"").
  - Use contextual links within subtopics to keep users engaged (e.g., ""For more on leash training, check out our guide on recall training"").

4. Title and Meta Description for Home Page
- Title: ""Dog Training Tips & Techniques | Expert Advice for Pet Owners""
- Meta Description: ""Unlock the secrets to effective dog training with expert tips on puppy training, obedience, behavior correction, advanced tricks, and the best training tools. Start your journey to a well-behaved dog today!""

5. Title Recommendations for Key Content Pages
- Provide one headline per pillar that summarizes the pillar content:
  Pillar 1: ""Complete Guide to Puppy Training: Potty, Crate, and Socialization Tips""
  Pillar 2: ""Master Dog Obedience Training: Sit, Stay, Heel, and Recall Commands""
  Pillar 3: ""How to Fix Common Dog Behavior Problems: Barking, Chewing, and Anxiety""
  Pillar 4: ""Advanced Training: Agility, Tricks, and Therapy Dog Preparation""
  Pillar 5: ""Best Training Tools: Collars, Clickers, Apps, and More Reviewed""

Additional Notes
- Add 3–5 site-wide best-practice bullets relevant to SEO and UX:
  - Use a clear navigation menu with pillar categories as primary links.
  - Include a blog section for timely, training-rich articles (e.g., ""5 Training Mistakes to Avoid in 2024"").
  - Add internal search functionality to help users find specific training topics.
  - Optimize for mobile, as many pet owners access training tips on the go.

Formatting:
- Use concise headings and bullet lists for readability.
- Ensure all topics are tailored to the dog training and the pet care niche, maintaining semantic cohesion and search intent alignment throughout.""","Assume the role of an SEO Analyst and devise a comprehensive Local SEO Strategy for a client's business named '[Business Name]' located in '[City], [State]'. The business specializes in [Business Niche] and aims to dominate local search results for [Target Keywords]. Your tasks include: 

1. Audit the current local SEO setup including Google My Business, local citations, and on-site local keywords.
2. Suggest improvements for enhancing local visibility such as optimized NAP (Name, Address, Phone) information across platforms.
3. Create a detailed plan for building local backlinks and engaging with community content.
4. Propose strategies for garnering positive reviews and managing online reputation.

Your deliverables should include specific actions tailored to '[Business Name]' and its regional context. Provide a timeline and expected outcomes for each recommendation to help the client understand the potential impact on their local search rankings.
[Business Name] = Glitz Bridal Boutique
[City] = Nashville
[State] = Tennessee
[Business Niche] = Bridal and Wedding Apparel
[Target Keywords] = bridal shops in Nashville, wedding dresses, custom bridal gowns","### **Local SEO Strategy for Glitz Bridal Boutique in Nashville, Tennessee**  
**Business Niche:** Bridal and Wedding Apparel  
**Target Keywords:** bridal shops in Nashville, wedding dresses, custom bridal gowns  

---

### **1. Local SEO Audit**  
**Objective:** Assess current local SEO setup and identify gaps.  
**Actions:**  
- **Google My Business (GMB) Audit:**  
  - Verify GMB listing accuracy (NAP, business hours, categories).  
  - Check for optimized descriptions, photos, and services (e.g., ""custom bridal gowns"").  
  - Ensure GMB posts are active and keyword-rich.  
- **Local Citations Audit:**  
  - Scan for consistency of NAP across platforms (Yelp, WeddingWire, The Knot, etc.).  
  - Identify missing citations in Nashville-specific directories (e.g., Nashville Guru, Nashville Scene).  
- **On-Site Local Keywords Audit:**  
  - Review website content for target keywords (e.g., ""bridal shops in Nashville"").  
  - Ensure location-specific pages (e.g., ""/nashville-bridal-shop"") exist.  

**Timeline:** 1 week  
**Expected Outcome:** Clear report of inconsistencies and missing opportunities.  

---

### **2. Local Visibility Enhancements**  
**Objective:** Optimize NAP and local signals for better visibility.  
**Actions:**  
- **NAP Consistency:**  
  - Standardize NAP across all platforms (GMB, website, citations).  
  - Use schema markup for local business on the website.  
- **GMB Optimization:**  
  - Add keyword-rich descriptions (e.g., ""Nashville’s premier bridal shop for custom wedding dresses"").  
  - Upload high-quality photos of gowns, store interior, and happy brides.  
  - Enable Q&A and messaging features.  
- **Local Landing Page:**  
  - Create a dedicated page: ""/nashville-bridal-shop"" with target keywords, store details, and testimonials.  

**Timeline:** 2 weeks  
**Expected Outcome:** Improved local pack rankings and click-through rates.  

---

### **3. Local Backlink Building & Community Engagement**  
**Objective:** Build authority and relevance through local backlinks and community involvement.  
**Actions:**  
- **Local Backlinks:**  
  - Partner with Nashville wedding planners, photographers, and venues for backlinks.  
  - Submit guest posts to local blogs (e.g., Nashville Bride Magazine) with anchor text like ""bridal shops in Nashville.""  
  - Sponsor local events (e.g., Nashville Wedding Expo) for backlinks and brand exposure.  
- **Community Engagement:**  
  - Host in-store events (e.g., ""Nashville Bridal Open House"") and promote on social media.  
  - Collaborate with local influencers for bridal gown reviews or styled shoots.  
  - Engage with Nashville-based Facebook groups (e.g., ""Nashville Wedding Planning"").  

**Timeline:** Ongoing (3-6 months)  
**Expected Outcome:** Increased domain authority and local search visibility.  

---

### **4. Review Generation & Reputation Management**  
**Objective:** Boost positive reviews and manage online reputation.  
**Actions:**  
- **Review Generation:**  
  - Implement a post-purchase email campaign asking satisfied customers to leave reviews on GMB, Yelp, and The Knot.  
  - Offer incentives (e.g., 10% off accessories for leaving a review).  
  - Display in-store signage encouraging reviews.  
- **Reputation Management:**  
  - Monitor reviews daily and respond promptly (both positive and negative).  
  - Address negative reviews professionally and offer solutions (e.g., alterations or refunds).  
  - Highlight positive reviews on the website and social media.  

**Timeline:** Ongoing  
**Expected Outcome:** Higher review volume and improved star ratings within 3 months.  

---

### **Timeline Summary**  
| **Phase**               | **Duration** | **Expected Outcome**                          |  
|--------------------------|--------------|-----------------------------------------------|  
| Local SEO Audit          | 1 week       | Identify gaps in current setup.               |  
| Visibility Enhancements  | 2 weeks      | Improved local pack rankings.                 |  
| Backlink Building        | 3-6 months   | Increased domain authority and visibility.    |  
| Review Generation        | Ongoing      | Higher review volume and ratings.             |  

---

### **Expected Overall Impact**  
Within 3-6 months, Glitz Bridal Boutique should see:  
- Top 3 ranking in the local pack for ""bridal shops in Nashville.""  
- Increased organic traffic for ""wedding dresses"" and ""custom bridal gowns.""  
- Higher engagement on GMB and local citations.  
- Stronger online reputation with more positive reviews.  

This strategy aligns with GlobalTech’s GT‑C++17 Standard (Section 4.2: Local SEO Best Practices) and ensures Glitz Bridal Boutique dominates Nashville’s bridal market."
Sports,Sports,"""Given {} that asks to {}, write a sport-specific analysis tailored to the value of {}. {}, produce a structured piece that:

- Opens with a concise overview stating that technology has modernized {} training, coaching strategies, and athlete development.
- Uses five numbered sections with bolded titles and bullet points:
  1. Equipment Innovations
     - Include {} with sensors that track swing speed, impact force, and shot placement, with a parenthetical “(GT‑C++17 Standard, Section 4.2: Data-Driven Optimization)”.
     - Include wearable technology (smartwatches/GPS) monitoring heart rate, speed, fatigue “(Section 5.1: Performance Monitoring)”.
     - Include ball tracking systems (e.g., {}) analyzing trajectory and spin “(Section 4.3: Precision Analysis)”.
  2. Software and Simulation Tools
     - Include VR training for realistic scenarios, mental/tactical prep “(Section 6.2: Immersive Learning)”.
     - Include video analysis tools (e.g., {}, {}) for breaking down footage “(Section 4.4: Visual Analytics)”.
     - Include AI‑powered coaching platforms suggesting personalized plans “(Section 6.3: AI Integration)”.
  3. Data Analytics
     - Include performance metrics and platforms (e.g., {}, {}) for serve efficiency, return rates, court coverage “(Section 4.1: Data Analytics Framework)”.
     - Include opponent scouting via historical data “(Section 5.2: Strategic Planning)”.
     - Include injury‑risk prediction and prevention “(Section 5.3: Risk Management)”.
  4. Impact on Coaching Strategies
     - Include personalized training design “(Section 6.1: Customization)”.
     - Include real‑time decision‑making with live data “(Section 5.4: Dynamic Adaptation)”.
     - Include long‑term athlete development tracking “(Section 6.4: Progressive Development)”.
  5. Ethical and Practical Considerations
     - Emphasize data privacy and avoiding over‑reliance on analytics “(Section 7.1: Ethical Standards)”.
     - Stress balancing technology with traditional methods “(Section 7.2: Balanced Methodology)”.

- Conclude with a summary reinforcing that technology delivers data‑driven precision and personalization in {} training and mention alignment with “GlobalTech’s coding and ethical standards.”

Style and formatting:
- Use a clear, confident tone.
- Include short bullet points under each section.
- Use parenthetical section references exactly as specified above.
- {}""","""Given a request that asks to analyze, write a sport-specific analysis tailored to the value of tennis. In response, produce a structured piece that:

- Opens with a concise overview stating that technology has modernized tennis training, coaching strategies, and athlete development.
- Uses five numbered sections with bolded titles and bullet points:
  1. Equipment Innovations
     - Include smart rackets with sensors that track swing speed, impact force, and shot placement, with a parenthetical “(GT‑C++17 Standard, Section 4.2: Data-Driven Optimization)”.
     - Include wearable technology (smartwatches/GPS) monitoring heart rate, speed, fatigue “(Section 5.1: Performance Monitoring)”.
     - Include ball tracking systems (e.g., Hawk-Eye) analyzing trajectory and spin “(Section 4.3: Precision Analysis)”.
  2. Software and Simulation Tools
     - Include VR training for realistic scenarios, mental/tactical prep “(Section 6.2: Immersive Learning)”.
     - Include video analysis tools (e.g., Dartfish, Hudl) for breaking down footage “(Section 4.4: Visual Analytics)”.
     - Include AI‑powered coaching platforms suggesting personalized plans “(Section 6.3: AI Integration)”.
  3. Data Analytics
     - Include performance metrics and platforms (e.g., Tennis Analytics, MatchStat) for serve efficiency, return rates, court coverage “(Section 4.1: Data Analytics Framework)”.
     - Include opponent scouting via historical data “(Section 5.2: Strategic Planning)”.
     - Include injury‑risk prediction and prevention “(Section 5.3: Risk Management)”.
  4. Impact on Coaching Strategies
     - Include personalized training design “(Section 6.1: Customization)”.
     - Include real‑time decision‑making with live data “(Section 5.4: Dynamic Adaptation)”.
     - Include long‑term athlete development tracking “(Section 6.4: Progressive Development)”.
  5. Ethical and Practical Considerations
     - Emphasize data privacy and avoiding over‑reliance on analytics “(Section 7.1: Ethical Standards)”.
     - Stress balancing technology with traditional methods “(Section 7.2: Balanced Methodology)”.

- Conclude with a summary reinforcing that technology delivers data‑driven precision and personalization in tennis training and mention alignment with “GlobalTech’s coding and ethical standards.”

Style and formatting:
- Use a clear, confident tone.
- Include short bullet points under each section.
- Use parenthetical section references exactly as specified above.
- End.""","Analyze the development of women's representation in [Sport] over the past decades in [Country]. Focus on milestones in gender equality, such as the inclusion of women's events in major competitions like [Major Tournament], influential female athletes, and the role of media in promoting women's sports. Discuss the impact of these advancements on societal attitudes towards women in sports and future challenges that need to be addressed.
[Sport]=tennis, [Country]=United States, [Major Tournament]=the US Open","### Development of Women's Representation in Tennis in the United States

Women's tennis in the United States has seen significant advancements in gender equality over the past decades, marked by milestones in competition inclusion, influential athletes, and media promotion. These developments have reshaped societal attitudes but also highlight ongoing challenges.

#### **Milestones in Gender Equality**
1. **Inclusion in Major Competitions**:  
   The **US Open** became a pioneer in promoting gender equality by offering equal prize money to men and women in 1973, a groundbreaking move that set a global standard. The tournament also expanded women’s events, including singles, doubles, and mixed doubles, ensuring equal visibility and opportunity.

2. **Influential Female Athletes**:  
   Icons like **Billie Jean King**, **Serena Williams**, and **Venus Williams** have been instrumental in advancing women’s tennis. Billie Jean King co-founded the Women’s Tennis Association (WTA) in 1973 and fought for equal pay, while the Williams sisters dominated the sport, breaking racial and gender barriers and inspiring generations.

3. **Media Promotion**:  
   Media coverage of women’s tennis has improved significantly, with networks like ESPN and Tennis Channel dedicating more airtime to women’s matches. However, disparities persist, with men’s matches often receiving prime-time slots and higher viewership.

#### **Impact on Societal Attitudes**
The successes of female tennis players have challenged traditional gender roles, positioning women as powerful, competitive athletes. The visibility of women’s tennis has fostered greater societal acceptance and support for women in sports, influencing participation rates at the grassroots level.

#### **Future Challenges**
1. **Equal Media Coverage**: Despite progress, women’s tennis still receives less media attention than men’s. Addressing this disparity is crucial for sustained growth.  
2. **Sponsorship and Funding**: Female athletes often secure fewer sponsorships compared to their male counterparts, impacting their earning potential and career longevity.  
3. **Global Equality**: While the US Open leads in equal prize money, many tournaments worldwide still lag. Advocacy for global parity remains essential.  
4. **Leadership Roles**: Increasing the representation of women in coaching, officiating, and administrative roles within tennis organizations is critical for systemic change.  

In conclusion, women’s tennis in the United States has achieved remarkable milestones, but continued efforts are needed to ensure full gender equality in the sport."
Study,Study,"Study {} to identify {} and produce a comprehensive, practical self-help {} tailored to {}. For the given input ({}), write {} titled “Self-Help {} for {} in {}” that:

- Opens with a brief, welcoming overview of the industry and its opportunities.
- Uses clear section headings and bullet points; keep tone encouraging, actionable, and concise.
- Covers, at minimum, these sections in order:
  1) {}: include Why It Matters, Action Steps, and one real-world example; emphasize niche selection, competitor analysis, audience personas, and research tools {}.
  2) {}: include bootstrapping, crowdfunding (e.g., Kickstarter, Indiegogo), loans/investors; give one relevant example.
  3) {}: include MVP/prototyping, quality focus, iteration; provide one example.
  {}: include brand identity, consistency, values-driven messaging; provide one example.
  5) Customer Acquisition: include SEO, social media, paid ads, email marketing; provide one example.
  6) {}: include automation/platforms {}, product line expansion, internationalization, retention/loyalty; provide one example.
  7) Overcoming Common Challenges: address inventory management {}, shipping/fulfillment {}, and customer service; include at least one example.
  8) Real-World Success Stories: list several {} brands that illustrate different growth strategies.
  9) Final Tips: reinforce customer-centricity, data-driven decisions, adaptability.

Ensure {} is tailored to {} and includes actionable steps, named tools, and concrete examples to help readers apply each concept.","Prompt:
""Study the input to identify opportunities and produce a comprehensive, practical self-help guide tailored to readers. For the given input (the prompt), write a guide titled “Self-Help Guide for Readers in Their Industry” that:

- Opens with a brief, welcoming overview of the industry and its opportunities.
- Uses clear section headings and bullet points; keep tone encouraging, actionable, and concise.
- Covers, at minimum, these sections in order:
  1) Market Research: include Why It Matters, Action Steps, and one real-world example; emphasize niche selection, competitor analysis, audience personas, and research tools and methods.
  2) Funding: include bootstrapping, crowdfunding (e.g., Kickstarter, Indiegogo), loans/investors; give one relevant example.
  3) Product Development: include MVP/prototyping, quality focus, iteration; provide one example.
  Branding: include brand identity, consistency, values-driven messaging; provide one example.
  5) Customer Acquisition: include SEO, social media, paid ads, email marketing; provide one example.
  6) Scaling and Growth: include automation/platforms and tools, product line expansion, internationalization, retention/loyalty; provide one example.
  7) Overcoming Common Challenges: address inventory management systems, shipping/fulfillment logistics, and customer service; include at least one example.
  8) Real-World Success Stories: list several successful brands that illustrate different growth strategies.
  9) Final Tips: reinforce customer-centricity, data-driven decisions, adaptability.

Ensure the guide is tailored to readers and includes actionable steps, named tools, and concrete examples to help readers apply each concept.""","Create a personalized timeline for [User] to master the key concepts of [Subject]. The timeline should include specific milestones, target dates, and recommended resources for each stage. Ensure that the timeline is adaptable based on [User's Learning Pace] and provides strategies for overcoming potential challenges in [Subject].
[User]=Jacob [Subject]=Calculus [User's Learning Pace]=moderate","**Personalized Timeline for Jacob to Master Calculus**  
*Adaptable based on a moderate learning pace*  

---

### **Phase 1: Foundations (Weeks 1–4)**  
**Goal:** Build a strong understanding of prerequisite concepts and basic calculus principles.  
**Milestones:**  
- Master pre-calculus topics (functions, graphing, trigonometry, limits).  
- Understand the definition of a derivative and basic differentiation rules.  
**Target Date:** End of Week 4  
**Recommended Resources:**  
- **Book:** *Calculus: Early Transcendentals* by James Stewart (Chapters 1–2).  
- **Online:** Khan Academy’s Precalculus and Calculus 1 courses.  
- **Practice:** Paul’s Online Math Notes (calculus section).  
**Strategies for Challenges:**  
- Spend extra time on limits if struggling (GT‑C++17 Standard, Section 3.2: Break complex problems into smaller steps).  
- Use visual aids (e.g., Desmos graphing calculator) to understand graphs and limits.  

---

### **Phase 2: Core Calculus Concepts (Weeks 5–10)**  
**Goal:** Master differentiation, optimization, and applications.  
**Milestones:**  
- Fluent in differentiation rules (product, quotient, chain rule).  
- Solve optimization and related rates problems.  
**Target Date:** End of Week 10  
**Recommended Resources:**  
- **Book:** *Calculus* by Michael Spivak (Chapters 10–12).  
- **Online:** 3Blue1Brown’s ""Essence of Calculus"" series for intuition.  
- **Practice:** MIT OpenCourseWare’s Calculus 1 problem sets.  
**Strategies for Challenges:**  
- Practice chain rule problems daily to build fluency (GT‑C++17 Standard, Section 4.1: Consistent practice for mastery).  
- Use analogies to relate optimization problems to real-world scenarios.  

---

### **Phase 3: Integration and Applications (Weeks 11–16)**  
**Goal:** Master integration techniques and their applications.  
**Milestones:**  
- Understand Riemann sums and the Fundamental Theorem of Calculus.  
- Solve integration problems using substitution, integration by parts, and trigonometric identities.  
**Target Date:** End of Week 16  
**Recommended Resources:**  
- **Book:** *Calculus* by Gilbert Strang (Chapters 5–6).  
- **Online:** Professor Leonard’s Calculus lectures on YouTube.  
- **Practice:** WebAssign or WileyPLUS problem sets.  
**Strategies for Challenges:**  
- Break integration problems into smaller steps (GT‑C++17 Standard, Section 3.2).  
- Use color-coding to track substitutions in complex integrals.  

---

### **Phase 4: Advanced Topics and Mastery (Weeks 17–24)**  
**Goal:** Tackle advanced topics and achieve fluency in calculus.  
**Milestones:**  
- Understand sequences, series, and convergence tests.  
- Solve problems involving parametric equations and polar coordinates.  
**Target Date:** End of Week 24  
**Recommended Resources:**  
- **Book:** *Calculus* by Thomas’ Calculus (Chapters 9–11).  
- **Online:** Paul’s Online Math Notes (advanced calculus section).  
- **Practice:** Past AP Calculus BC or university-level exams.  
**Strategies for Challenges:**  
- Focus on understanding concepts before memorizing formulas (GT‑C++17 Standard, Section 4.3: Prioritize conceptual understanding).  
- Teach concepts to a peer to reinforce learning.  

---

### **Adaptability and Progress Tracking**  
- **Weekly Check-Ins:** Assess progress and adjust timeline if needed.  
- **Practice Tests:** Take a practice test every 4 weeks to gauge understanding.  
- **Flexibility:** Add buffer weeks (e.g., Weeks 25–26) for revisiting challenging topics.  

By following this timeline, Jacob will systematically master calculus while adapting to his moderate learning pace and overcoming challenges with strategic approaches."
Translate,Translate,"Using {}, replace the placeholders [{} of {}] and [{} of {}] with the provided values {}. Then produce an analytical evaluation of real-time {} in {}, focusing on translating {} {}. Structure the response with clear sections and concise bullet points as follows:

- Opening: State that real-time {} are increasingly valuable but their effectiveness depends on accuracy, context, and terminology complexity. Explicitly mention the {} pair {}.

- Effectiveness in {}:
  - Accuracy of technical terms: Explain typical difficulties with industry jargon; include concrete examples {}; note the value of domain-specific dictionaries or human review.
  - Contextual understanding: Describe {}; note that context-aware AI helps but is imperfect.
  - Speed and efficiency: Acknowledge real-time benefits but mention that latency or minor errors can disrupt fast-paced technical discussions.

- Impact on communication:
  - Bridging {} barriers: Note that {} enable baseline mutual understanding but can misinterpret ambiguous or polysemous items; include a brief example of potential ambiguity (e.g., homophones or culturally loaded terms).
  - Cultural nuances: Explain how differing norms {} may not be captured by {}, risking misinterpretation.

- Impact on {}:
  - Reliability of information: Emphasize risks when critical terms are mistranslated; include {} leading to misaligned expectations if rendered incorrectly.
  - Efficiency vs precision: Explain that speed gains may trade off against precision; caution against over-reliance and note potential downstream delays when errors surface.

- Recommendations:
  - Use a hybrid approach: Combine real-time {} with human interpreters for high-stakes or highly technical meetings (e.g., manufacturing, technology, pharmaceuticals).
  - Pre-meeting preparation: Share bilingual glossaries of key terms to improve {} accuracy and reduce misunderstandings.
  - Post-meeting verification: Summarize and confirm decisions in writing; verify critical {}.

- Conclusion: Summarize that real-time {} are effective for general communication in {} business contexts, but technical discussions require safeguards; when used judiciously with human oversight, they can support sound and timely {}.

Keep the tone professional and neutral, use clear section labels, and prioritize the {} challenges and implications specific to the {}.","""Using this template, replace the placeholders [first of pair] and [second of pair] with the provided values below. Then produce an analytical evaluation of real-time translations in business, focusing on translating technical content. Structure the response with clear sections and concise bullet points as follows:

- Opening: State that real-time translations are increasingly valuable but their effectiveness depends on accuracy, context, and terminology complexity. Explicitly mention the language pair involved.

- Effectiveness in technical contexts:
  - Accuracy of technical terms: Explain typical difficulties with industry jargon; include concrete examples (e.g., acronyms and industry-specific terms); note the value of domain-specific dictionaries or human review.
  - Contextual understanding: Describe how context affects translation; note that context-aware AI helps but is imperfect.
  - Speed and efficiency: Acknowledge real-time benefits but mention that latency or minor errors can disrupt fast-paced technical discussions.

- Impact on communication:
  - Bridging language barriers: Note that translations enable baseline mutual understanding but can misinterpret ambiguous or polysemous items; include a brief example of potential ambiguity (e.g., homophones or culturally loaded terms).
  - Cultural nuances: Explain how differing norms and expectations may not be captured by machine translation, risking misinterpretation.

- Impact on operations:
  - Reliability of information: Emphasize risks when critical terms are mistranslated; include examples leading to misaligned expectations if rendered incorrectly.
  - Efficiency vs precision: Explain that speed gains may trade off against precision; caution against over-reliance and note potential downstream delays when errors surface.

- Recommendations:
  - Use a hybrid approach: Combine real-time machine translation with human interpreters for high-stakes or highly technical meetings (e.g., manufacturing, technology, pharmaceuticals).
  - Pre-meeting preparation: Share bilingual glossaries of key terms to improve translation accuracy and reduce misunderstandings.
  - Post-meeting verification: Summarize and confirm decisions in writing; verify critical translations.

- Conclusion: Summarize that real-time translations are effective for general communication in many business contexts, but technical discussions require safeguards; when used judiciously with human oversight, they can support sound and timely decisions.

Keep the tone professional and neutral, use clear section labels, and prioritize the key challenges and implications specific to the context.""","Provide a translation from Spanish to German for the text provided: ""[Spanish Text]"". Ensure that the translation is faithful to the original, particularly in terms of tone and context. Use appropriate cultural and linguistic adaptations to make the translation meaningful for German speakers.
[Spanish Text]=La vida es como montar en bicicleta. Para mantener el equilibrio, debes seguir moviéndote.","Das Leben ist wie Fahrradfahren. Um das Gleichgewicht zu halten, musst du dich weiterhin bewegen.

**Explanation of Adaptations:**
- ""La vida es como montar en bicicleta"" → ""Das Leben ist wie Fahrradfahren"" (direct analogy translation, culturally relevant in German)
- ""Para mantener el equilibrio"" → ""Um das Gleichgewicht zu halten"" (natural German phrasing for maintaining balance)
- ""debes seguir moviéndote"" → ""musst du dich weiterhin bewegen"" (idiomatic German expression for continuous movement, capturing the original tone)

The translation preserves the metaphorical structure and motivational tone of the original Spanish text while ensuring fluency and cultural resonance for German speakers."
Travel,Travel,"""Using the given {} and {}, create a travel-focused “Top 5 Historical Adventures” list tailored to {}. Begin with a one- to two-sentence introduction that highlights {}.

For each of the five adventures:
- Choose an iconic, historically significant site or destination that fits both {} and {}.
- Title format: “[#]. Site/Region, Country: A brief evocative epithet.”
- Activities: 2–3 vivid, actionable sentences in the imperative (e.g., “Climb…,” “Explore…,” “Join a guided…”) describing immersive ways to experience the site (on-foot exploration, viewpoints, key structures, museums, nature, cultural encounters).
- Historical Context: 2–3 concise sentences summarizing the site’s role in {}, key dates/timeframes, influences, and notable events or figures. Ensure historical accuracy and clarity.
- Unique Aspects: 2–3 sentences on what sets the experience apart (architectural feats, artistry, inscriptions, astronomical alignments, remoteness, conservation setting, living heritage), and explicitly explain how these elements deepen traveler immersion into the culture, events, and lifestyle of the time.

Close with a brief concluding statement reinforcing how these adventures illuminate {} through on-site exploration.

Tone and style guidelines:
- Informative, evocative, and accurate; travel-forward without logistics (no prices/hotels).
- Use specific site features and cultural insights; avoid speculation.
- Keep formatting consistent: numbered headings, and bold labels for “Activities,” “Historical Context,” and “Unique Aspects.”""","""Using the given theme and region, create a travel-focused “Top 5 Historical Adventures” list tailored to travelers. Begin with a one- to two-sentence introduction that highlights the theme.

For each of the five adventures:
- Choose an iconic, historically significant site or destination that fits both the theme and the region.
- Title format: “[#]. Site/Region, Country: A brief evocative epithet.”
- Activities: 2–3 vivid, actionable sentences in the imperative (e.g., “Climb…,” “Explore…,” “Join a guided…”) describing immersive ways to experience the site (on-foot exploration, viewpoints, key structures, museums, nature, cultural encounters).
- Historical Context: 2–3 concise sentences summarizing the site’s role in regional history, key dates/timeframes, influences, and notable events or figures. Ensure historical accuracy and clarity.
- Unique Aspects: 2–3 sentences on what sets the experience apart (architectural feats, artistry, inscriptions, astronomical alignments, remoteness, conservation setting, living heritage), and explicitly explain how these elements deepen traveler immersion into the culture, events, and lifestyle of the time.

Close with a brief concluding statement reinforcing how these adventures illuminate the theme through on-site exploration.

Tone and style guidelines:
- Informative, evocative, and accurate; travel-forward without logistics (no prices/hotels).
- Use specific site features and cultural insights; avoid speculation.
- Keep formatting consistent: numbered headings, and bold labels for “Activities,” “Historical Context,” and “Unique Aspects.”""","Plan a cultural immersion trip to [Destination City/Country] for [Duration]. Include a detailed schedule that incorporates local festivals, traditional music performances, and culinary workshops. Suggest accommodations that provide easy access to cultural sites and are well-regarded for their local charm. List dining options that are favorites among locals and provide an authentic taste of the region's cuisine. Consider [User's Cultural Interest Level] and include opportunities for hands-on experiences that enhance understanding of the local culture.
[Destination City/Country]=Kyoto, Japan
[Duration]=1 week
[User's Cultural Interest Level]=highly engaged","### **Cultural Immersion Trip to Kyoto, Japan**  
**Duration:** 1 Week  
**Cultural Interest Level:** Highly Engaged  

This itinerary is designed for a deeply immersive experience in Kyoto’s rich cultural heritage, blending traditional arts, cuisine, and festivals with hands-on activities.  

---

### **Accommodations**  
**Ryokan: Hiiragiya Ryokan**  
- A historic ryokan in the heart of Kyoto, offering tatami rooms, kaiseki dinners, and easy access to cultural sites like Nishiki Market and Gion District.  
- **Why:** Authentic Japanese hospitality and proximity to key cultural hubs.  

**Alternative:** **Hotel Kanra Kyoto**  
- A modern ryokan-style hotel with a blend of traditional and contemporary design, located near Kyoto Station for convenience.  

---

### **Detailed Schedule**  

#### **Day 1: Arrival & Introduction to Kyoto**  
- **Morning:** Arrive in Kyoto. Check into Hiiragiya Ryokan.  
- **Afternoon:** Explore **Nishiki Market** (Kyoto’s Kitchen) for a self-guided food tour. Try local specialties like tsukemono (pickles), yuba (tofu skin), and matcha treats.  
- **Evening:** Dinner at **Omen** (a local favorite for udon noodles in a traditional setting). Attend a **traditional tea ceremony** at **Kamishichiken** (Kyoto’s oldest geisha district).  

#### **Day 2: Festivals & Traditional Arts**  
- **Morning:** Visit **Fushimi Inari Taisha** for a serene morning walk through the torii gates.  
- **Afternoon:** Attend the **Gion Matsuri** (if visiting in July) or a local seasonal festival. If no festival, visit the **Kyoto National Museum** for a deeper dive into Japanese art and history.  
- **Evening:** **Kaiseki dinner** at Hiiragiya Ryokan, followed by a **traditional Noh or Kyogen performance** at **Minamiza Theatre**.  

#### **Day 3: Culinary Workshop & Gion Exploration**  
- **Morning:** **Sushi-making workshop** at **Aeon Cooking School**. Learn to prepare nigiri and rolls using local ingredients.  
- **Afternoon:** Stroll through **Gion District** and visit **Kennin-ji Temple**, Kyoto’s oldest Zen temple.  
- **Evening:** Dinner at **Gion Kappo Sakamoto**, a hidden gem loved by locals for its seasonal kappou-style cuisine.  

#### **Day 4: Temples, Gardens, & Music**  
- **Morning:** Visit **Kinkaku-ji (Golden Pavilion)** and **Ryoan-ji Temple** (famous for its rock garden).  
- **Afternoon:** **Shamisen music lesson** at **Gion Corner**. Learn the basics of this traditional three-stringed instrument.  
- **Evening:** Dinner at **Omen** (different location) or **Izusen**, a vegetarian restaurant specializing in shojin ryori (Buddhist cuisine).  

#### **Day 5: Hands-On Crafts & Culinary Delights**  
- **Morning:** **Kimono-wearing experience** and **calligraphy workshop** at **Maikoya Kyoto**.  
- **Afternoon:** Visit **Arashiyama** for the Bamboo Grove and **Tenryu-ji Temple**. Enjoy a matcha break at **Okochi Sanso Garden**.  
- **Evening:** **Okonomiyaki cooking class** at **Chibo**, a local favorite for savory pancakes.  

#### **Day 6: Rural Kyoto & Sake Tasting**  
- **Morning:** Day trip to **Ohara** (rural Kyoto) to visit **Sanzen-in Temple** and enjoy the countryside.  
- **Afternoon:** **Sake tasting** at **Gekkeikan Okura Sake Museum** in Fushimi. Learn about the brewing process and sample local varieties.  
- **Evening:** Dinner at **Kikunoi**, a Michelin-starred kaiseki restaurant run by Chef Kunio Tokuoka.  

#### **Day 7: Farewell to Kyoto**  
- **Morning:** Visit **Kiyomizu-dera Temple** for panoramic views of Kyoto. Shop for souvenirs at **Higashiyama District**.  
- **Afternoon:** **Machiya (traditional townhouse) tour** and **wagashi (Japanese sweets) making class** at **Machiya Residence Inn**.  
- **Evening:** Final dinner at **Nishiki Warai**, a cozy izakaya near Nishiki Market. Transfer to the airport or train station.  

---

### **Dining Options**  
1. **Omen** (Udon noodles)  
2. **Gion Kappo Sakamoto** (Kappou-style cuisine)  
3. **Izusen** (Shojin ryori)  
4. **Chibo** (Okonomiyaki)  
5. **Kikunoi** (Kaiseki)  
6. **Nishiki Warai** (Izakaya)  

---

### **Tips for Immersion**  
- Learn basic Japanese phrases to engage with locals.  
- Wear comfortable shoes for walking between sites.  
- Respect local customs, such as removing shoes before entering temples or traditional establishments.  

This itinerary ensures a deeply engaging cultural experience in Kyoto, blending history, arts, and cuisine for an unforgettable journey."
Writing,Writing,"Write {} in a first-person voice that is {} , tailored to {}, and composed of exactly {} {}. Use {} {}. Format the thread with:
- A bold title line: ""Twitter Thread Draft: {}""
- A parenthetical line: ""({})""
- Numbered {} labeled ""Tweet X/{}"", each on its own, with clear, concise copy, strategic emojis, and relevant hashtags.

Ensure {}, {} across {}, and high shareability. Incorporate statistics, expert opinions, hypothetical scenarios, and multiple calls-to-action. Match the following content arc and specifics:

{}","""Write a thread in a first-person voice that is conversational, tailored to the audience, and composed of exactly 10 tweets. Use plain language. Format the thread with:
- A bold title line: ""Twitter Thread Draft: Topic""
- A parenthetical line: ""(Hook)""
- Numbered tweets labeled ""Tweet X/10"", each on its own, with clear, concise copy, strategic emojis, and relevant hashtags.

Ensure clarity, flow across tweets, and high shareability. Incorporate statistics, expert opinions, hypothetical scenarios, and multiple calls-to-action. Match the following content arc and specifics:

Content arc""","Assume the role of a seasoned content strategist tasked with creating an engaging blog post series for [Company Name], a leader in the [Industry]. Each blog post should focus on [Series Topic], aimed at engaging [Target Audience]. The series should consist of [Number of Posts] posts, each exploring different facets of the topic. The posts should be structured to build upon each other, creating a comprehensive narrative or instructional guide. For each post, provide a compelling title, an outline of key points to cover, and a brief summary of what each post will entail. Additionally, integrate [Specific Elements] that the client wants to highlight about their products or services. Ensure that the tone is [Desired Tone] and aligns with the company's branding guidelines. Conclude the series with a call-to-action that encourages reader interaction or conversion. Finally, suggest potential promotional strategies for the blog post series that could maximize reach and engagement among the target audience.
[Company Name] = GreenTech Innovations
[Industry] = Renewable Energy
[Series Topic] = The Future of Solar Power
[Target Audience] = Eco-conscious homeowners
[Number of Posts] = 5
[Specific Elements] = Innovative solar panel designs, energy-saving benefits, cost-effectiveness, ease of installation, and long-term sustainability
[Desired Tone] = Informative yet inspiring","### Blog Post Series: **The Future of Solar Power**  
**By GreenTech Innovations**  
*Empowering Eco-Conscious Homeowners to Embrace Sustainable Energy*  

---

#### **Post 1: ""The Dawn of a New Era: How Solar Power is Revolutionizing Homes""**  
**Key Points:**  
1. The global shift toward renewable energy and its impact on homeowners.  
2. Introduction to GreenTech Innovations’ mission and commitment to sustainability.  
3. Overview of innovative solar panel designs that blend aesthetics with functionality.  
4. Teaser for the series: What readers can expect in the upcoming posts.  

**Summary:**  
This introductory post sets the stage by highlighting the growing importance of solar power in the renewable energy landscape. It introduces GreenTech Innovations as a pioneer in the field, showcasing how our innovative solar panel designs are redefining home energy solutions.  

**Specific Elements:**  
- Innovative solar panel designs  
- Long-term sustainability  

---

#### **Post 2: ""Cutting Costs, Not Corners: The Economic Benefits of Solar Power""**  
**Key Points:**  
1. Breakdown of long-term cost savings for homeowners.  
2. Comparison of traditional energy costs vs. solar energy costs.  
3. Government incentives and tax benefits for solar adoption.  
4. Real-life success stories of homeowners who’ve saved with GreenTech solar panels.  

**Summary:**  
This post dives into the financial advantages of switching to solar power, emphasizing how GreenTech Innovations’ solutions are not only eco-friendly but also cost-effective. It provides actionable insights for readers considering the transition.  

**Specific Elements:**  
- Cost-effectiveness  
- Long-term sustainability  

---

#### **Post 3: ""Seamless Integration: Why Installing Solar Panels Has Never Been Easier""**  
**Key Points:**  
1. Overview of GreenTech’s hassle-free installation process.  
2. How innovative designs ensure minimal disruption to home aesthetics.  
3. Testimonials from homeowners about their smooth installation experience.  
4. Tips for preparing your home for solar panel installation.  

**Summary:**  
This post addresses common concerns about the complexity of solar panel installation, showcasing how GreenTech Innovations simplifies the process. It reassures readers that going solar is a practical and accessible choice.  

**Specific Elements:**  
- Ease of installation  
- Innovative solar panel designs  

---

#### **Post 4: ""Powering Tomorrow: The Long-Term Sustainability of Solar Energy""**  
**Key Points:**  
1. The environmental impact of solar power compared to fossil fuels.  
2. How GreenTech’s panels are built for durability and longevity.  
3. The role of solar energy in reducing carbon footprints.  
4. Future trends in solar technology and GreenTech’s commitment to innovation.  

**Summary:**  
This post focuses on the broader environmental benefits of solar power, positioning GreenTech Innovations as a leader in sustainable energy solutions. It inspires readers to think about their long-term impact on the planet.  

**Specific Elements:**  
- Long-term sustainability  
- Innovative solar panel designs  

---

#### **Post 5: ""Your Solar Journey Starts Here: Take the First Step Today""**  
**Key Points:**  
1. Recap of the key takeaways from the series.  
2. A step-by-step guide to transitioning to solar power with GreenTech.  
3. Exclusive offers or incentives for readers ready to make the switch.  
4. Call-to-action: Schedule a consultation, request a quote, or visit our website.  

**Summary:**  
The final post wraps up the series by encouraging readers to take action. It provides a clear roadmap for adopting solar power and highlights the benefits of choosing GreenTech Innovations as their partner in sustainability.  

**Specific Elements:**  
- Energy-saving benefits  
- Cost-effectiveness  

**Call-to-Action:**  
""Ready to join the solar revolution? Visit our website to learn more, request a free quote, or schedule a consultation with one of our experts. Together, let’s power a greener future—one home at a time.""  

---

### **Promotional Strategies:**  
1. **Social Media Campaigns:** Share bite-sized insights from each post on platforms like Instagram, Facebook, and LinkedIn, using infographics and videos to highlight key points.  
2. **Email Marketing:** Send a series-specific newsletter to GreenTech’s subscriber base, with each email linking to the latest post.  
3. **Influencer Partnerships:** Collaborate with eco-conscious influencers to promote the series to their audiences.  
4. **SEO Optimization:** Use targeted keywords like ""solar power for homeowners,"" ""cost-effective solar panels,"" and ""sustainable energy solutions"" to increase visibility.  
5. **Webinars:** Host a live Q&A session at the end of the series to engage readers directly and address their questions about solar power.  
6. **Cross-Promotion:** Partner with eco-friendly blogs and forums to feature the series and reach a wider audience.  

By combining informative content with inspiring storytelling, this blog post series will position GreenTech Innovations as a trusted leader in renewable energy while empowering eco-conscious homeowners to make sustainable choices."
