Category,category,stolen prompt,edited stolen prompt,best_input,target_output
Ads,Ads,"Write {} that transforms the provided User_Input fields into a concise, persuasive resume-style output using primarily declarative sentences. The overall argument must present the individual as a highly skilled freelance marketing expert and {} specialist, emphasizing expertise, achievements, and value to potential clients.

Instructions:
- Structure:
  - Personal Information: Name, Title (Freelance Marketing Expert / {} Specialist), Contact placeholders.
  - Work Experience: Role title mirroring Title; Duration placeholder; Key Responsibilities and Achievements that explicitly map the input fields:
    - {}, {}, {}, {}, {}.
    - State benefits delivered and outcomes in factual, ad-style statements.
  - Education: Degree/Certification placeholder.
  - Skills: Three groups—Marketing Expertise (e.g., Fiverr Gig Optimization, Keyword Research, Persuasive Copywriting), {} Skills (include {} and {}), Professional Attributes (include items from {}).
  - References: Available upon request.
  - Fiverr Gig Details: 
    - Gig Title under 60 characters. Use ad keywords and clarity to showcase {}/{} and value to {}.
    - Gig Description under 160 characters. Persuasively highlight {}, {}, and {} in a clear, ad-ready sentence.
  - Keywords for AI Parsing: Comma-separated list including {}, {}, {}, {}, elements of {}, and marketing terms like Fiverr Gig Optimization, Marketing Expert.

Style and constraints:
- Ads focus: Treat the profile and gig elements as performance-focused ad copy—clear value propositions, keyword-rich phrasing, and buyer targeting.
- Sentence type: Use declarative sentences to convey facts and benefits; avoid questions and commands.
- Voice and tone: Professional, concise, benefit-led, and optimized for ad platforms.
- Length limits: Enforce title < 60 characters; description < 160 characters.
- Use bullet lists and clear section headers; include placeholders where personal details are unknown.

Populate the sections with the provided User_Input values:
- {} = {}
- {} = {}
- {} = {}
- {} = {}
- {} = {}
- {} = {}","Prompt:
""Write a resume that transforms the provided User_Input fields into a concise, persuasive resume-style output using primarily declarative sentences. The overall argument must present the individual as a highly skilled freelance marketing expert and SEO specialist, emphasizing expertise, achievements, and value to potential clients.

Instructions:
- Structure:
  - Personal Information: Name, Title (Freelance Marketing Expert / SEO Specialist), Contact placeholders.
  - Work Experience: Role title mirroring Title; Duration placeholder; Key Responsibilities and Achievements that explicitly map the input fields:
    - Project management, content creation, campaign analysis, client communication, performance optimization.
    - State benefits delivered and outcomes in factual, ad-style statements.
  - Education: Degree/Certification placeholder.
  - Skills: Three groups—Marketing Expertise (e.g., Fiverr Gig Optimization, Keyword Research, Persuasive Copywriting), Technical Skills (include SEO and Analytics), Professional Attributes (include items from Communication).
  - References: Available upon request.
  - Fiverr Gig Details: 
    - Gig Title under 60 characters. Use ad keywords and clarity to showcase marketing/SEO and value to clients.
    - Gig Description under 160 characters. Persuasively highlight expertise, results, and client satisfaction in a clear, ad-ready sentence.
  - Keywords for AI Parsing: Comma-separated list including marketing, SEO, content, analytics, elements of communication, and marketing terms like Fiverr Gig Optimization, Marketing Expert.

Style and constraints:
- Ads focus: Treat the profile and gig elements as performance-focused ad copy—clear value propositions, keyword-rich phrasing, and buyer targeting.
- Sentence type: Use declarative sentences to convey facts and benefits; avoid questions and commands.
- Voice and tone: Professional, concise, benefit-led, and optimized for ad platforms.
- Length limits: Enforce title < 60 characters; description < 160 characters.
- Use bullet lists and clear section headers; include placeholders where personal details are unknown.

Populate the sections with the provided User_Input values:
- Name = {Name}
- Title = {Title}
- Experience = {Experience}
- Skills = {Skills}
- Education = {Education}
- Contact = {Contact}""","Act as a digital advertising strategist tasked with launching a new pay-per-click (PPC) campaign for [Company] targeting [Target Audience] interested in [Product/Service]. Draft the following components:

1. An overview of the campaign strategy including budget allocation and target ROI.
2. Creation of 3 distinct ad groups, each with unique keywords that align with different aspects of [Product/Service].
3. For each ad group, write 2 compelling ad copies that highlight the unique selling propositions of [Product/Service].
4. Suggest 4 keywords for each ad group that are highly relevant to the [Product/Service], considering both high-volume and long-tail keywords.
5. Develop a brief plan for A/B testing different ad elements to optimize click-through and conversion rates.

Ensure all elements are tailored to capture the interest of [Target Audience] and are aligned with [Company]'s brand tone and messaging guidelines.
[Company] = Fresh Origins Bakery
[Target Audience] = Health-conscious consumers
[Product/Service] = Gluten-free baked goods","### **PPC Campaign Strategy for Fresh Origins Bakery**  
**Target Audience:** Health-conscious consumers  
**Product/Service:** Gluten-free baked goods  

---

#### **1. Campaign Strategy Overview**  
**Objective:** Drive brand awareness and sales for Fresh Origins Bakery’s gluten-free baked goods among health-conscious consumers.  
**Budget Allocation:**  
- Total Monthly Budget: $5,000  
  - Ad Group 1 (Gluten-Free Breads): $2,000 (40%)  
  - Ad Group 2 (Gluten-Free Pastries): $1,500 (30%)  
  - Ad Group 3 (Gluten-Free Custom Orders): $1,500 (30%)  
**Target ROI:** 4:1 (aiming for $20,000 in revenue from $5,000 spend).  
**Key Metrics:** Click-through rate (CTR), conversion rate, cost per conversion, and return on ad spend (ROAS).  

---

#### **2. Ad Groups with Keywords**  

**Ad Group 1: Gluten-Free Breads**  
**Keywords:**  
1. Gluten-free bread near me  
2. Healthy artisan bread  
3. Low-carb gluten-free bread  
4. Organic gluten-free loaf  

**Ad Group 2: Gluten-Free Pastries**  
**Keywords:**  
1. Gluten-free pastries delivery  
2. Healthy dessert options  
3. Vegan gluten-free cupcakes  
4. Sugar-free gluten-free treats  

**Ad Group 3: Gluten-Free Custom Orders**  
**Keywords:**  
1. Custom gluten-free cakes  
2. Gluten-free wedding cakes  
3. Personalized gluten-free desserts  
4. Bulk gluten-free orders  

---

#### **3. Ad Copies**  

**Ad Group 1: Gluten-Free Breads**  
- **Ad Copy 1:**  
  *""Artisan Gluten-Free Breads Made Fresh Daily! Perfect for Healthy Lifestyles. Order Now & Taste the Difference!""*  
- **Ad Copy 2:**  
  *""Low-Carb, Organic, & Delicious. Fresh Origins Bakery’s Gluten-Free Breads Deliver Health to Your Doorstep!""*  

**Ad Group 2: Gluten-Free Pastries**  
- **Ad Copy 1:**  
  *""Indulge Guilt-Free! Our Gluten-Free Pastries Are Healthy, Delicious, & Delivered Fresh. Try Them Today!""*  
- **Ad Copy 2:**  
  *""Vegan, Sugar-Free, & Gluten-Free Treats. Fresh Origins Bakery Makes Healthy Desserts Irresistible!""*  

**Ad Group 3: Gluten-Free Custom Orders**  
- **Ad Copy 1:**  
  *""Custom Gluten-Free Cakes for Every Occasion! Fresh Origins Bakery Crafts Your Perfect Dessert. Inquire Now!""*  
- **Ad Copy 2:**  
  *""Bulk Gluten-Free Orders Made Easy. Fresh Origins Bakery Delivers Quality & Taste for Your Event!""*  

---

#### **4. A/B Testing Plan**  
**Objective:** Optimize CTR and conversion rates by testing ad elements.  
**Elements to Test:**  
1. **Headlines:** Test urgency-based vs. benefit-based headlines (e.g., ""Order Now"" vs. ""Taste the Difference"").  
2. **Descriptions:** Compare health-focused vs. taste-focused messaging (e.g., ""Low-Carb"" vs. ""Delicious"").  
3. **Call-to-Actions (CTAs):** Test ""Order Now"" vs. ""Try Today"" vs. ""Inquire Now.""  
4. **Landing Pages:** Test product-specific pages vs. general bakery pages.  

**Timeline:**  
- Week 1-2: Run initial tests with 50% traffic split.  
- Week 3: Analyze performance (CTR, conversions).  
- Week 4: Implement winning variations and refine targeting.  

---

This campaign is designed to resonate with health-conscious consumers by emphasizing Fresh Origins Bakery’s unique selling propositions: freshness, health benefits, and customization. The A/B testing plan ensures continuous optimization for maximum ROI."
Business,Business,"Create business-focused {} content from the provided inputs (Slide Count, Presentation Topic, Target Audience, Duration) tailored to {}. Structure the output with clear headings and concise bullet points as follows:
1) Ideal Audience Persona: Name, role/title at a VC firm, and 3–5 motivations tied to ROI, market disruption, risk mitigation, defensibility, and ecosystem value.
2) Messaging Framework: A prioritized sequence (hook/problem, solution/uniqueness, traction/validation, market/size, moat/competitive advantage, team/credibility, financials/forecast, and clear ask/use of funds).
3) Narrative Overview: A {} investor-ready story that opens with a vivid problem/market stat, explains the AI solution and differentiation, quantifies market size and growth, highlights traction (revenue/users/partnerships/efficiency gains), underscores the team, and ends with a compelling ask and vision.
4) Expert Advice: Practical delivery techniques (pace, emphasis, tone, presence), visuals guidance with a slide-by-slide plan for {} slides (title, problem, solution, market, traction, product/tech, competition/moat, GTM/financials, ask/use of proceeds/milestones, close/CTA), strategies for handling common VC objections (competition, scalability, unit economics, IP, regulatory), and methods to connect with investors (credibility proofs, social proof, ROI framing, crisp CTA).

Style and Output Characteristics:
- Use primarily declarative sentences to present information and recommendations clearly.
- Use imperative sentences selectively for direct advice (e.g., “Highlight the market size,” “Show your traction chart.”).
- Do not use interrogative sentences; avoid rhetorical questions.
- Include exactly one exclamatory sentence to inspire confidence near the close of the narrative or CTA.
- Maintain a professional, investor-centric tone; be concise, data-oriented, and outcomes-driven. Where exact data is unknown, use realistic placeholders (e.g., $XXM TAM, YY% CAGR, ZZ% cost reduction).
- Ensure the content aligns tightly with VC priorities: scalability, defensibility, traction, unit economics, and path to liquidity.

Deliver the content as a cohesive, investor-ready outline suitable for a {} slide {} and a {} delivery.","""Create business-focused investor content from the provided inputs (Slide Count, Presentation Topic, Target Audience, Duration) tailored to VCs. Structure the output with clear headings and concise bullet points as follows:
1) Ideal Audience Persona: Name, role/title at a VC firm, and 3–5 motivations tied to ROI, market disruption, risk mitigation, defensibility, and ecosystem value.
2) Messaging Framework: A prioritized sequence (hook/problem, solution/uniqueness, traction/validation, market/size, moat/competitive advantage, team/credibility, financials/forecast, and clear ask/use of funds).
3) Narrative Overview: A concise investor-ready story that opens with a vivid problem/market stat, explains the AI solution and differentiation, quantifies market size and growth, highlights traction (revenue/users/partnerships/efficiency gains), underscores the team, and ends with a compelling ask and vision.
4) Expert Advice: Practical delivery techniques (pace, emphasis, tone, presence), visuals guidance with a slide-by-slide plan for ten slides (title, problem, solution, market, traction, product/tech, competition/moat, GTM/financials, ask/use of proceeds/milestones, close/CTA), strategies for handling common VC objections (competition, scalability, unit economics, IP, regulatory), and methods to connect with investors (credibility proofs, social proof, ROI framing, crisp CTA).

Style and Output Characteristics:
- Use primarily declarative sentences to present information and recommendations clearly.
- Use imperative sentences selectively for direct advice (e.g., “Highlight the market size,” “Show your traction chart.”).
- Do not use interrogative sentences; avoid rhetorical questions.
- Include exactly one exclamatory sentence to inspire confidence near the close of the narrative or CTA.
- Maintain a professional, investor-centric tone; be concise, data-oriented, and outcomes-driven. Where exact data is unknown, use realistic placeholders (e.g., $XXM TAM, YY% CAGR, ZZ% cost reduction).
- Ensure the content aligns tightly with VC priorities: scalability, defensibility, traction, unit economics, and path to liquidity.

Deliver the content as a cohesive, investor-ready outline suitable for a ten slide deck and a polished delivery.""","Develop a detailed investor pitch presentation for [Startup Name], focusing on attracting venture capital in the [Industry Sector]. The presentation should include the following sections: Introduction to [Startup Name], market analysis, competitive landscape, unique value proposition, business model, monetization strategy, financial projections, team introduction, and future growth plans. Tailor each section to highlight how [Startup Name] stands out in the [Industry Sector] and why it is an attractive investment opportunity. Include suggestions for engaging visuals and key talking points to make the presentation compelling and persuasive for potential investors.
[Startup Name]: Cleanova Energy Solutions
[Industry Sector]: Renewable Energy","**Investor Pitch Presentation: Cleanova Energy Solutions**  
**Industry Sector: Renewable Energy**  

---

### **Slide 1: Title Slide**  
**Cleanova Energy Solutions: Revolutionizing Renewable Energy**  
- **Tagline:** ""Powering a Sustainable Future with Innovative Energy Solutions""  
- **Visual:** Clean, modern design with a renewable energy theme (e.g., solar panels, wind turbines, green landscape).  
- **Key Talking Point:** ""Cleanova is at the forefront of the renewable energy revolution, offering scalable, cost-effective solutions for a greener planet.""  

---

### **Slide 2: Introduction to Cleanova Energy Solutions**  
**Who We Are**  
- **Mission:** To accelerate the global transition to renewable energy by providing innovative, affordable, and sustainable energy solutions.  
- **Vision:** Become the leading provider of decentralized renewable energy systems globally.  
- **Founded:** 2020  
- **Headquarters:** Austin, TX  
- **Visual:** Company logo, team photo, and a brief timeline of milestones.  
- **Key Talking Point:** ""Cleanova combines cutting-edge technology with a customer-centric approach to address the growing demand for clean energy.""  

---

### **Slide 3: Market Analysis**  
**The Opportunity in Renewable Energy**  
- **Market Size:** $1.5 trillion by 2030 (CAGR of 8.4%).  
- **Drivers:**  
  - Increasing global demand for clean energy.  
  - Government incentives and policies (e.g., Inflation Reduction Act).  
  - Rising energy costs and climate change concerns.  
- **Target Market:** Residential, commercial, and industrial sectors in North America and Europe.  
- **Visual:** Global renewable energy market growth chart and target market segmentation.  
- **Key Talking Point:** ""The renewable energy market is booming, and Cleanova is perfectly positioned to capitalize on this growth.""  

---

### **Slide 4: Competitive Landscape**  
**How We Stand Out**  
- **Competitors:** Tesla (SolarCity), SunPower, Siemens Gamesa.  
- **Differentiators:**  
  - **Modular Design:** Customizable systems for diverse energy needs.  
  - **AI-Powered Optimization:** Real-time energy management for maximum efficiency.  
  - **Affordable Pricing:** 20% lower cost than competitors.  
- **Visual:** Competitive matrix highlighting Cleanova’s unique features.  
- **Key Talking Point:** ""Cleanova’s modular, AI-driven solutions set us apart in a crowded market, offering unmatched value to customers.""  

---

### **Slide 5: Unique Value Proposition**  
**Why Cleanova?**  
- **Innovative Technology:** Proprietary AI algorithms for energy optimization.  
- **Scalability:** Solutions for homes, businesses, and industrial complexes.  
- **Sustainability Impact:** Reducing carbon emissions by 50% for our clients.  
- **Visual:** Infographic showing Cleanova’s impact on energy savings and carbon reduction.  
- **Key Talking Point:** ""Cleanova doesn’t just sell energy solutions; we deliver measurable environmental and economic benefits.""  

---

### **Slide 6: Business Model**  
**How We Operate**  
- **Revenue Streams:**  
  - Direct sales of renewable energy systems.  
  - Subscription-based energy monitoring and maintenance services.  
  - Partnerships with utilities for grid integration.  
- **Customer Acquisition:** Digital marketing, partnerships, and government contracts.  
- **Visual:** Business model canvas or flowchart illustrating revenue streams.  
- **Key Talking Point:** ""Our diversified business model ensures steady revenue growth and long-term customer relationships.""  

---

### **Slide 7: Monetization Strategy**  
**Driving Revenue Growth**  
- **Phase 1 (2024):** Focus on residential market with high-margin sales.  
- **Phase 2 (2025):** Expand to commercial and industrial sectors.  
- **Phase 3 (2026):** Scale globally through strategic partnerships.  
- **Visual:** Timeline with revenue milestones and market expansion plans.  
- **Key Talking Point:** ""Our phased approach ensures sustainable growth and maximizes shareholder value.""  

---

### **Slide 8: Financial Projections**  
**Projected Performance**  
- **Revenue:** $5M in 2024, $20M in 2025, $50M in 2026.  
- **Gross Margin:** 40% by 2026.  
- **Break-Even:** Q4 2025.  
- **Visual:** Bar chart showing revenue growth and line graph for margin expansion.  
- **Key Talking Point:** ""Cleanova is on a clear path to profitability, with strong margins and scalable operations.""  

---

### **Slide 9: Team Introduction**  
**Meet the Founders**  
- **CEO: John Doe** – 10+ years in renewable energy, former Tesla executive.  
- **CTO: Jane Smith** – Expert in AI and energy systems, PhD in Electrical Engineering.  
- **CFO: Alex Brown** – Financial strategist with experience in scaling startups.  
- **Visual:** Professional headshots and brief bios.  
- **Key Talking Point:** ""Our team combines deep industry expertise with a proven track record of execution.""  

---

### **Slide 10: Future Growth Plans**  
**Scaling Cleanova**  
- **Product Expansion:** Launching energy storage solutions in 2025.  
- **Geographic Expansion:** Entering European and Asian markets by 2026.  
- **R&D Investment:** Developing next-gen AI algorithms for predictive energy management.  
- **Visual:** World map with expansion targets and product roadmap.  
- **Key Talking Point:** ""Cleanova is just getting started. Our growth strategy is ambitious, actionable, and aligned with global energy trends.""  

---

### **Slide 11: Investment Opportunity**  
**Why Invest in Cleanova?**  
- **Funding Needed:** $5M for product development, marketing, and team expansion.  
- **Use of Funds:**  
  - 40% R&D  
  - 30% Sales & Marketing  
  - 20% Operations  
  - 10% Working Capital  
- **Expected ROI:** 10x return by 2028.  
- **Visual:** Pie chart for fund allocation and ROI projection.  
- **Key Talking Point:** ""Investing in Cleanova is not just a financial opportunity—it’s a chance to be part of the global clean energy movement.""  

---

### **Slide 12: Closing Slide**  
**Join Us in Powering a Sustainable Future**  
- **Call to Action:** ""Let’s build a greener tomorrow together. Invest in Cleanova today.""  
- **Contact Information:** [Email, Phone, Website]  
- **Visual:** Inspiring image of renewable energy in action (e.g., solar farm, wind turbines).  
- **Key Talking Point:** ""Cleanova is more than a company—it’s a mission. Be part of the change.""  

---

**Presentation Tips:**  
- Keep slides concise with minimal text and impactful visuals.  
- Use storytelling to connect emotionally with investors (e.g., success stories, customer testimonials).  
- Practice delivery to ensure confidence and enthusiasm.  
- Be prepared to address questions about scalability, competition, and regulatory risks."
Code,Code,"Given a User_Input of the form: 'Develop a {} method to merge two {} efficiently.' followed by assignments like '{}={}' '{}={}', generate a code-focused response that:

1) Substitutes the placeholders into an opening sentence that states the goal and mentions using a two-pointer technique and dynamic memory allocation (use **bold** emphasis for the resolved {} and {} in the produced output).

2) Provides a complete {} example in a fenced code block (```cpp) that:
- Includes <iostream> and uses namespace std.
- Implements a function with the exact signature:
  int* mergeSortedArrays(int* arr1, int size1, int* arr2, int size2)
- Allocates a new {} with new int[size1 + size2].
- Uses three indices i, j, k and the standard two-pointer merge loop:
  while (i < size1 && j < size2) { compare arr1[i] and arr2[j]; place the smaller into merged[k++] and advance the corresponding pointer }
- Appends the remaining elements from each input {} with two while loops.
- Returns the merged pointer.
- Includes a main() that:
  - Declares example arrays int arr1[] = {1, 3, 5, 7}; and int arr2[] = {2, 4, 6, 8};
  - Computes sizes with sizeof.
  - Calls mergeSortedArrays and prints all elements of the merged {} separated by spaces.
  - Frees the allocated memory with delete[] merged.

3) After the code block, add a ""Key Features:"" section with a numbered list covering:
- Efficiency with time complexity O(n + m).
- Space complexity O(n + m) due to the new merged {}.
- Two-pointer technique explanation.
- Dynamic memory allocation reminder to free memory.

4) Add a ""Keywords for AI Parsing:"" section listing the following items exactly:
- {}
- {}
- Merge
- Two-Pointer Technique
- Dynamic Memory Allocation
- Time Complexity: O(n + m)
- Space Complexity: O(n + m)

5) Conclude with a single-sentence reassurance that this method is efficient and suitable for merging sorted arrays in {}.

Match the tone and structure shown in the example Output. Keep code correctness consistent with the described algorithm and memory management.","Prompt:
""Given a User_Input of the form: 'Develop a **C++** method to merge two **sorted arrays** efficiently.' followed by assignments like 'arr1={1,3,5,7}' 'arr2={2,4,6,8}', generate a code-focused response that:

1) Substitutes the placeholders into an opening sentence that states the goal and mentions using a two-pointer technique and dynamic memory allocation (use **bold** emphasis for the resolved **C++** and **sorted arrays** in the produced output).

2) Provides a complete **C++** example in a fenced code block (```cpp) that:
- Includes <iostream> and uses namespace std.
- Implements a function with the exact signature:
  int* mergeSortedArrays(int* arr1, int size1, int* arr2, int size2)
- Allocates a new **array** with new int[size1 + size2].
- Uses three indices i, j, k and the standard two-pointer merge loop:
  while (i < size1 && j < size2) { compare arr1[i] and arr2[j]; place the smaller into merged[k++] and advance the corresponding pointer }
- Appends the remaining elements from each input **array** with two while loops.
- Returns the merged pointer.
- Includes a main() that:
  - Declares example arrays int arr1[] = {1, 3, 5, 7}; and int arr2[] = {2, 4, 6, 8};
  - Computes sizes with sizeof.
  - Calls mergeSortedArrays and prints all elements of the merged **array** separated by spaces.
  - Frees the allocated memory with delete[] merged.

3) After the code block, add a ""Key Features:"" section with a numbered list covering:
- Efficiency with time complexity O(n + m).
- Space complexity O(n + m) due to the new merged **array**.
- Two-pointer technique explanation.
- Dynamic memory allocation reminder to free memory.

4) Add a ""Keywords for AI Parsing:"" section listing the following items exactly:
- C++
- Sorted Arrays
- Merge
- Two-Pointer Technique
- Dynamic Memory Allocation
- Time Complexity: O(n + m)
- Space Complexity: O(n + m)

5) Conclude with a single-sentence reassurance that this method is efficient and suitable for merging sorted arrays in **C++**.

Match the tone and structure shown in the example Output. Keep code correctness consistent with the described algorithm and memory management.""","Write a [language] program that converts [input format] to [output format].
[language]=Java
[input format]=XML
[output format]=JSON","Below is a Java program that converts XML to JSON. The program uses the `javax.xml.parsers` package for XML parsing and the `org.json` library for JSON generation.

**Java Program: XML to JSON Converter**

```java
import javax.xml.parsers.DocumentBuilderFactory;
import javax.xml.parsers.DocumentBuilder;
import org.w3c.dom.Document;
import org.w3c.dom.NodeList;
import org.w3c.dom.Node;
import org.w3c.dom.Element;
import org.json.JSONObject;
import org.json.JSONArray;
import java.io.File;

public class XmlToJsonConverter {

    public static JSONObject convertXmlToJson(File xmlFile) throws Exception {
        DocumentBuilderFactory factory = DocumentBuilderFactory.newInstance();
        DocumentBuilder builder = factory.newDocumentBuilder();
        Document document = builder.parse(xmlFile);
        document.getDocumentElement().normalize();

        return convertElementToJson(document.getDocumentElement());
    }

    private static JSONObject convertElementToJson(Element element) {
        JSONObject json = new JSONObject();

        // Process attributes
        if (element.hasAttributes()) {
            JSONObject attributes = new JSONObject();
            for (int i = 0; i < element.getAttributes().getLength(); i++) {
                Node attribute = element.getAttributes().item(i);
                attributes.put(""@"" + attribute.getNodeName(), attribute.getNodeValue());
            }
            json.put(""attributes"", attributes);
        }

        // Process child elements
        NodeList nodeList = element.getChildNodes();
        for (int i = 0; i < nodeList.getLength(); i++) {
            Node node = nodeList.item(i);
            if (node.getNodeType() == Node.ELEMENT_NODE) {
                Element childElement = (Element) node;
                String tagName = childElement.getTagName();

                // Handle multiple child elements with the same tag
                if (json.has(tagName)) {
                    Object existingValue = json.get(tagName);
                    if (existingValue instanceof JSONArray) {
                        ((JSONArray) existingValue).put(convertElementToJson(childElement));
                    } else {
                        JSONArray array = new JSONArray();
                        array.put(existingValue);
                        array.put(convertElementToJson(childElement));
                        json.put(tagName, array);
                    }
                } else {
                    json.put(tagName, convertElementToJson(childElement));
                }
            } else if (node.getNodeType() == Node.TEXT_NODE && !node.getTextContent().trim().isEmpty()) {
                json.put(""#text"", node.getTextContent().trim());
            }
        }

        // If no child elements, return text content
        if (json.isEmpty() && element.hasChildNodes()) {
            NodeList children = element.getChildNodes();
            for (int i = 0; i < children.getLength(); i++) {
                Node child = children.item(i);
                if (child.getNodeType() == Node.TEXT_NODE) {
                    return new JSONObject().put(""#text"", child.getTextContent().trim());
                }
            }
        }

        return json;
    }

    public static void main(String[] args) {
        try {
            File xmlFile = new File(""input.xml""); // Replace with your XML file path
            JSONObject json = convertXmlToJson(xmlFile);
            System.out.println(json.toString(4)); // Pretty print JSON with 4-space indentation
        } catch (Exception e) {
            e.printStackTrace();
        }
    }
}
```

**Dependencies:**

*   **org.json**: Add the following dependency to your `pom.xml` if using Maven:
    ```xml
    <dependency>
        <groupId>org.json</groupId>
        <artifactId>json</artifactId>
        <version>20210307</version>
    </dependency>
    ```

**Usage:**

1.  Save the XML file you want to convert as `input.xml` in the same directory as the Java program.
2.  Run the `XmlToJsonConverter` class.
3.  The program will output the JSON representation of the XML file to the console.

**Example XML Input (`input.xml`):**

```xml
<employee id=""123"">
    <name>John Doe</name>
    <role>Software Engineer</role>
    <skills>
        <skill>Java</skill>
        <skill>XML</skill>
        <skill>JSON</skill>
    </skills>
</employee>
```

**Example JSON Output:**

```json
{
    ""employee"": {
        ""attributes"": {
            ""@id"": ""123""
        },
        ""name"": {
            ""#text"": ""John Doe""
        },
        ""role"": {
            ""#text"": ""Software Engineer""
        },
        ""skills"": {
            ""skill"": [
                {
                    ""#text"": ""Java""
                },
                {
                    ""#text"": ""XML""
                },
                {
                    ""#text"": ""JSON""
                }
            ]
        }
    }
}
```

This program provides a basic XML to JSON conversion, handling elements, attributes, and text content. You can modify it to suit your specific XML structure and requirements."
Data,Data,"Using {}, generate a data-focused, structured specification for a customized real-time dashboard. Replace all placeholders with the given values. Write primarily in declarative sentences that provide detailed instructions, descriptions, and recommendations. Organize the output with concise headings and bullet lists.

Include the following sections:
- Title line containing {}, role, and company, plus {} and objective.
- Dashboard Layout: Define {} to track {} and add at least two supporting {} (e.g., geospatial map and alerts). For each widget, describe the data displayed, suggested visualizations, and any color-coding or thresholds.
- {}-by-{} Guide:
  1) Setting Up Data Sources: Specify data systems to connect (e.g., fleet/telematics, delivery/shipment tracking, ERP/financial), methods of integration (APIs, ETL), and example tools/platforms.
  2) Configuring Data Refresh Rates: Propose realistic intervals for each data type (e.g., 5 minutes for fleet and delivery, hourly/daily for cost), and note where to configure these in common BI tools.
  3) Implementing {}: Detail encryption in transit, role-based access control, audit logging, secrets management, and relevant data privacy/compliance considerations.
- {} & {}: Recommend analytics approaches (trend analysis, KPI benchmarking, geospatial route analysis, cost decomposition, predictive modeling) and explain how each yields {}.
- Recommended Tools: Suggest BI platforms, data integration/ETL tools, and analytics stacks relevant to real-time logistics data.
- Concluding Argument: State explicitly that, by implementing the specified data integrations, refresh strategies, and security controls, and by applying the recommended analytics, the {} can optimize the three named metrics and overall operations.

Ensure the tone is formal and instructional, avoid rhetorical questions, and keep the focus on data workflows, data governance, and analytics that enable {}.","Prompt:
""Using data inputs, generate a data-focused, structured specification for a customized real-time dashboard. Replace all placeholders with the given values. Write primarily in declarative sentences that provide detailed instructions, descriptions, and recommendations. Organize the output with concise headings and bullet lists.

Include the following sections:
- Title line containing name, role, and company, plus date and objective.
- Dashboard Layout: Define key metrics to track performance and add at least two supporting widgets (e.g., geospatial map and alerts). For each widget, describe the data displayed, suggested visualizations, and any color-coding or thresholds.
- Step-by-Step Guide:
  1) Setting Up Data Sources: Specify data systems to connect (e.g., fleet/telematics, delivery/shipment tracking, ERP/financial), methods of integration (APIs, ETL), and example tools/platforms.
  2) Configuring Data Refresh Rates: Propose realistic intervals for each data type (e.g., 5 minutes for fleet and delivery, hourly/daily for cost), and note where to configure these in common BI tools.
  3) Implementing Security: Detail encryption in transit, role-based access control, audit logging, secrets management, and relevant data privacy/compliance considerations.
- Analytics & Insights: Recommend analytics approaches (trend analysis, KPI benchmarking, geospatial route analysis, cost decomposition, predictive modeling) and explain how each yields actionable insights.
- Recommended Tools: Suggest BI platforms, data integration/ETL tools, and analytics stacks relevant to real-time logistics data.
- Concluding Argument: State explicitly that, by implementing the specified data integrations, refresh strategies, and security controls, and by applying the recommended analytics, the dashboard can optimize the three named metrics and overall operations.

Ensure the tone is formal and instructional, avoid rhetorical questions, and keep the focus on data workflows, data governance, and analytics that enable decision-making.""","Explore the integration of machine learning techniques in enhancing database management systems within [Industry]. Examine how algorithms like [Machine Learning Algorithm] can optimize data storage, retrieval, and security in [Specific Database System]. Discuss the impact of predictive analytics on resource allocation and system performance. Analyze the challenges faced by database administrators in adopting these technologies and the potential benefits of machine learning for real-time data processing in [Business Context].
[Industry]=financial services
[Machine Learning Algorithm]=neural networks
[Specific Database System]=Oracle DB
[Business Context]=high-frequency trading environments","**Integration of Machine Learning Techniques in Enhancing Database Management Systems in Financial Services**  

**Personal Information**  
- **Name:** [Applicant Name]  
- **Contact:** [Email Address] | [Phone Number]  
- **LinkedIn:** [LinkedIn Profile] | **GitHub:** [GitHub Profile]  

**Work Experience**  
- **Senior Database Administrator**  
  *Financial Tech Solutions, 2018–Present*  
  - Managed Oracle DB systems for high-frequency trading platforms, ensuring **99.99% uptime**.  
  - Implemented **neural networks** to optimize query performance, reducing latency by **25%**.  
  - Enhanced **data security** using ML-driven anomaly detection, identifying potential breaches with **95% accuracy**.  
  - Led resource allocation improvements through **predictive analytics**, achieving **30% cost savings**.  

- **Database Analyst**  
  *Global Financial Services, 2015–2018*  
  - Analyzed Oracle DB performance metrics and recommended ML-based solutions for **data retrieval optimization**.  
  - Collaborated with data scientists to integrate **neural networks** for real-time transaction processing in trading environments.  

**Education**  
- **Master of Science in Data Science**  
  *University of Technology, 2013–2015*  
  - Thesis: *""Application of Neural Networks in Database Query Optimization.""*  
- **Bachelor of Computer Science**  
  *State University, 2009–2013*  

**Skills**  
- **Technical Skills:**  
  - **Database Systems:** Oracle DB, MySQL, PostgreSQL  
  - **Machine Learning:** Neural Networks, Predictive Analytics, Anomaly Detection  
  - **Programming:** Python, SQL, Java  
  - **Tools:** TensorFlow, PyTorch, Oracle SQL Developer  
- **Soft Skills:**  
  - Problem-solving, Team Leadership, Communication  

**References**  
Available upon request.  

---

**Analysis of Machine Learning Integration in Oracle DB for Financial Services**  

1. **Optimization of Data Storage and Retrieval**  
   - **Neural Networks** can analyze query patterns in Oracle DB to predict frequently accessed data, enabling **proactive caching** and reducing retrieval times.  
   - Example: In high-frequency trading, ML models optimize index structures, improving query speeds by **40%**.  

2. **Enhanced Security**  
   - ML algorithms detect unusual access patterns or anomalies in real-time, strengthening Oracle DB’s security protocols.  
   - Case Study: Implementation reduced unauthorized access attempts by **70%**.  

3. **Predictive Analytics for Resource Allocation**  
   - Predictive models forecast workload spikes, enabling dynamic allocation of CPU, memory, and storage resources.  
   - Impact: Improved system performance during peak trading hours, reducing downtime by **20%**.  

4. **Real-Time Data Processing**  
   - Neural networks enable **real-time decision-making** in trading environments by processing large volumes of data instantaneously.  
   - Benefit: Increased profitability through faster trade executions.  

5. **Challenges and Benefits**  
   - **Challenges:** Integration complexity, high computational costs, and need for skilled personnel.  
   - **Benefits:** Improved scalability, reduced operational costs, and enhanced decision-making capabilities.  

**Keywords for AI Parsing:**  
- Neural Networks, Oracle DB, Predictive Analytics, Data Security, High-Frequency Trading, Resource Allocation, Real-Time Processing, Query Optimization, Anomaly Detection, Financial Services.  

This structured format ensures clarity and highlights key information for AI analysis and job matching."
Email,Email,"""Write a persuasive customer outreach email requesting testimonials for a mobile phone {}, acting as a testimonial coordinator. Structure the email for clarity and action, and include placeholders in square brackets (e.g., {}, {}, {}, {}).

Required elements:
- Subject line that invites sharing and references {}.
- Friendly greeting with {}.
- Opening paragraph affirming their positive experience with {} and referencing its mobile phone benefits.
- A short enthusiasm line that uses an exclamation (e.g., “Your Voice Matters!”).
- A brief section explaining why testimonials help (declarative sentences) and a bulleted “Why Share Your Testimonial?” list that includes an incentive (e.g., a discount or gift) awarded after publication.
- A clear “How to Share Your Story” section with numbered steps (imperative sentences) telling them how to reply, what details to include (bullet subpoints), and noting an optional photo.
- An “Example Testimonial” quote tailored to a mobile phone (mention battery life, camera, connectivity, timeframe).
- Closing paragraph reinforcing impact and appreciation.
- Thank-you line, professional sign-off with {}, {}, {}, {}, {}.
- A P.S. reminding them of the {}.

Sentence-type requirements (Output_characteristic):
- Use declarative sentences to explain purpose, benefits, and process.
- Use imperative sentences for calls to action (e.g., “Reply to this email,” “Attach a photo…”).
- Use at least one exclamatory sentence to express enthusiasm.
- Include at least one interrogative line (e.g., “Why Share Your Testimonial?”) to engage readers.

Tone and style:
- Warm, professional, and encouraging; persuasive but concise.
- Mobile phone–specific details.
- Use bullets and numbers for readability; avoid heavy formatting beyond simple lists.
- Aim for 200–350 words.""","Prompt:
""""Write a persuasive customer outreach email requesting testimonials for a mobile phone model, acting as a testimonial coordinator. Structure the email for clarity and action, and include placeholders in square brackets (e.g., [Customer Name], [Product Name], [Incentive], [Coordinator Name], [Coordinator Title]).

Required elements:
- Subject line that invites sharing and references the mobile phone.
- Friendly greeting with [Customer Name].
- Opening paragraph affirming their positive experience with [Product Name] and referencing its mobile phone benefits.
- A short enthusiasm line that uses an exclamation (e.g., “Your Voice Matters!”).
- A brief section explaining why testimonials help (declarative sentences) and a bulleted “Why Share Your Testimonial?” list that includes an incentive (e.g., a discount or gift) awarded after publication.
- A clear “How to Share Your Story” section with numbered steps (imperative sentences) telling them how to reply, what details to include (bullet subpoints), and noting an optional photo.
- An “Example Testimonial” quote tailored to a mobile phone (mention battery life, camera, connectivity, timeframe).
- Closing paragraph reinforcing impact and appreciation.
- Thank-you line, professional sign-off with [Coordinator Name], [Coordinator Title], [Company Name], [Contact Information], [Website].
- A P.S. reminding them of the incentive.

Sentence-type requirements (Output_characteristic):
- Use declarative sentences to explain purpose, benefits, and process.
- Use imperative sentences for calls to action (e.g., “Reply to this email,” “Attach a photo…”).
- Use at least one exclamatory sentence to express enthusiasm!
- Include at least one interrogative line (e.g., “Why Share Your Testimonial?”) to engage readers.

Tone and style:
- Warm, professional, and encouraging; persuasive but concise.
- Mobile phone–specific details.
- Use bullets and numbers for readability; avoid heavy formatting beyond simple lists.
- Aim for 200–350 words.""""","Design a sequence of follow-up emails for [Company] aimed at re-engaging inactive subscribers. Each email should progressively offer insights, discounts, or exclusive content to entice [Target Audience] back into active engagement.
Company: Global Tech Solutions
Target Audience: software developers","**Follow-Up Email Sequence for Global Tech Solutions to Re-Engage Inactive Software Developers**

**Email 1: Re-Engagement with Valuable Insights**  
**Subject Line:** We Miss You! Here’s What You’ve Missed at Global Tech Solutions  
**Timing:** Day 1  

*Hi [First Name],*  

We’ve noticed it’s been a while since you engaged with Global Tech Solutions, and we wanted to reach out. A lot has happened since your last visit, and we don’t want you to miss out on the latest tools and resources designed specifically for software developers like you.  

Here’s a quick recap of what you’ve missed:  
- **New Product Launch:** Our AI-powered code optimizer is now live, reducing debugging time by 40%.  
- **Free Webinar:** ""Future-Proofing Your Codebase"" with industry expert [Name] on [Date].  
- **Developer Spotlight:** Learn how [Company Name] scaled their app using our tools.  

We’d love to have you back in the community. Click below to explore the latest updates:  
[Explore Now]  

Best regards,  
The Global Tech Solutions Team  

---

**Email 2: Exclusive Discount Offer**  
**Subject Line:** Exclusive 20% Off for Our Valued Developer [First Name]  
**Timing:** Day 7  

*Hi [First Name],*  

We noticed you haven’t taken advantage of our latest offerings yet, and we’d hate for you to miss out on this exclusive opportunity.  

As a token of our appreciation, here’s a **20% discount** on any of our developer tools or subscription plans. Use code **WELCOMEBACK20** at checkout.  

Here’s what you can unlock:  
- Access to our premium code repository.  
- Priority support from our developer success team.  
- Early access to beta features.  

This offer expires in 7 days, so don’t wait!  
[Claim Your Discount]  

Looking forward to seeing you back in action.  

Best regards,  
The Global Tech Solutions Team  

---

**Email 3: Exclusive Content & Community Invite**  
**Subject Line:** [First Name], Join Our Exclusive Developer Community  
**Timing:** Day 14  

*Hi [First Name],*  

We’re reaching out one last time to ensure you don’t miss out on something special. As a former active member, we’d like to invite you to join our **exclusive Developer Insider Community**.  

Here’s what you’ll get:  
- **Monthly Tech Deep Dives:** Exclusive articles and tutorials from top developers.  
- **Networking Opportunities:** Connect with peers and industry leaders.  
- **Early Access:** Be the first to test new features and provide feedback.  

Plus, as a welcome gift, we’re including a **free eBook:** *""10 Advanced Coding Techniques to Boost Your Productivity.""*  

Join the community today and reclaim your spot:  
[Join Now]  

We’d love to have you back, [First Name].  

Best regards,  
The Global Tech Solutions Team  

---

**Email 4: Last Chance Reminder**  
**Subject Line:** Last Chance: Your 20% Discount Expires Today  
**Timing:** Day 21  

*Hi [First Name],*  

This is your final reminder—your **20% discount** on our developer tools expires today. Don’t miss this chance to upgrade your toolkit at a fraction of the cost.  

Use code **WELCOMEBACK20** before midnight:  
[Claim Your Discount]  

We’d love to see you back in action with Global Tech Solutions.  

Best regards,  
The Global Tech Solutions Team  

---

**Key Features for AI Parsing:**  
- **Keywords:** software developers, AI-powered tools, code optimizer, webinar, discount, exclusive content, developer community.  
- **Clear CTAs:** Explore Now, Claim Your Discount, Join Now.  
- **Progressive Incentives:** Insights → Discount → Exclusive Content → Last Chance.  
- **Professional Tone:** Concise, engaging, and focused on developer needs."
Fashion,Fashion,"Using the User_Input values, write as a Personal Fashion Consultant and produce a structured fashion plan tailored to the specified {}. Maintain the following Output_characteristics:
- Sentence Type: Use primarily declarative sentences; avoid questions and exclamations.
- Argument: Emphasize that a polished, versatile wardrobe projects confidence and authority suitable for the role, and support this with concrete clothing recommendations and styling strategies.

Content and structure requirements:
1) Title: “Personal Fashion Consultant Plan for a {}” and an Objective paragraph that frames the plan around professionalism, confidence, and authority.
2) Wardrobe Essentials: List the provided {} verbatim and add 4–6 complementary pieces appropriate for the role and office setting (e.g., knitwear, blouse, footwear, bag). Keep suggestions cohesive with the color palette and managerial professionalism.
3) Color Coordination: Feature the given {} as the primary palette; add suitable neutrals (e.g., black, white, beige). State a clear strategy (e.g., {} and gray as bases, burgundy as an accent) to ensure easy mixing and matching.
4) Mix-and-Match Outfit Ideas: Provide at least five distinct outfits named/described for different workplace scenarios (e.g., power look, meeting, casual Friday). Each look should combine items from the essentials, include footwear and a bag, and stay within the palette.
5) Accessories and Finishing Touches: Offer succinct guidance on jewelry, belts, scarves, grooming, and overall polish.
6) Maintenance Tips: Advise on tailoring, quality over quantity, garment care, and a capsule mindset.

Style and tone:
- Professional, concise, and actionable.
- Use clear headings and bullet points for readability.
- Ensure all recommendations align with the given palette and role.
- Conclude with a one-sentence summary reinforcing confidence, style, and versatility.""","Prompt:
""Using the User_Input values, write as a Personal Fashion Consultant and produce a structured fashion plan tailored to the specified role. Maintain the following Output_characteristics:
- Sentence Type: Use primarily declarative sentences; avoid questions and exclamations.
- Argument: Emphasize that a polished, versatile wardrobe projects confidence and authority suitable for the role, and support this with concrete clothing recommendations and styling strategies.

Content and structure requirements:
1) Title: “Personal Fashion Consultant Plan for a Role” and an Objective paragraph that frames the plan around professionalism, confidence, and authority.
2) Wardrobe Essentials: List the provided items verbatim and add 4–6 complementary pieces appropriate for the role and office setting (e.g., knitwear, blouse, footwear, bag). Keep suggestions cohesive with the color palette and managerial professionalism.
3) Color Coordination: Feature the given colors as the primary palette; add suitable neutrals (e.g., black, white, beige). State a clear strategy (e.g., navy and gray as bases, burgundy as an accent) to ensure easy mixing and matching.
4) Mix-and-Match Outfit Ideas: Provide at least five distinct outfits named/described for different workplace scenarios (e.g., power look, meeting, casual Friday). Each look should combine items from the essentials, include footwear and a bag, and stay within the palette.
5) Accessories and Finishing Touches: Offer succinct guidance on jewelry, belts, scarves, grooming, and overall polish.
6) Maintenance Tips: Advise on tailoring, quality over quantity, garment care, and a capsule mindset.

Style and tone:
- Professional, concise, and actionable.
- Use clear headings and bullet points for readability.
- Ensure all recommendations align with the given palette and role.
- Conclude with a one-sentence summary reinforcing confidence, style, and versatility.""","As a Fashion Trend Analyst, develop a comprehensive trend report for the upcoming [season/year] focusing on [specific market or demographic]. Analyze current fashion trends, predict future directions, and highlight key pieces that will be essential. Include color palettes, fabric technologies, and accessory trends that will resonate with the target audience. Offer actionable strategies for fashion brands to adapt these trends into their upcoming collections, ensuring they appeal to both existing and potential customers.
[season/year]=Fall 2024
[specific market or demographic]=Generation Z consumers","**Fall 2024 Fashion Trend Report: Captivating Generation Z Consumers**

**Overview**  
Generation Z, born between the mid-1990s and early 2010s, continues to shape the fashion industry with their unique blend of sustainability, individuality, and digital influence. For Fall 2024, trends will reflect their values, blending nostalgia with innovation, while prioritizing comfort, versatility, and eco-consciousness. This report provides actionable insights for fashion brands to align with Gen Z’s preferences.

---

### **Key Trends**  

#### **1. Color Palettes**  
- **Earthy Neutrals**: Warm tones like terracotta, muted olive, and soft beige dominate, reflecting Gen Z’s connection to nature and sustainability.  
- **Bold Accents**: Pops of electric blue, fuchsia, and neon green add vibrancy, catering to their love for self-expression.  
- **Retro Revival**: Vintage-inspired shades like burnt orange and mustard yellow nod to 70s and 90s nostalgia.  

#### **2. Fabric Technologies**  
- **Sustainable Materials**: Organic cotton, recycled polyester, and plant-based leathers are essential, aligning with Gen Z’s eco-conscious values.  
- **Tech-Infused Fabrics**: Moisture-wicking, temperature-regulating, and antimicrobial fabrics cater to their active lifestyles.  
- **Textural Contrast**: Cozy knits, quilted fabrics, and faux fur provide tactile appeal for the colder season.  

#### **3. Key Pieces**  
- **Oversized Silhouettes**: Baggy denim, chunky knitwear, and oversized blazers offer comfort and versatility.  
- **Utility Wear**: Cargo pants, multi-pocket jackets, and belted vests combine functionality with style.  
- **Statement Outerwear**: Bold puffer jackets, trench coats with unique detailing, and shearling-lined pieces stand out.  
- **Gender-Neutral Designs**: Unisex clothing continues to gain traction, reflecting Gen Z’s progressive mindset.  

#### **4. Accessory Trends**  
- **Chunky Footwear**: Platform boots, lug-sole loafers, and sneakers with bold designs remain popular.  
- **Mini Bags**: Compact, statement crossbody bags in vibrant colors or unique shapes.  
- **Layered Jewelry**: Mixed metals, chunky chains, and personalized pendants for self-expression.  
- **Tech Accessories**: Stylish phone cases, AirPods holders, and wearable tech integrated into fashion.  

---

### **Actionable Strategies for Brands**  

1. **Embrace Sustainability**: Highlight eco-friendly materials and transparent supply chains to build trust with Gen Z.  
2. **Leverage Social Media**: Collaborate with TikTok and Instagram influencers to showcase trends in relatable, engaging ways.  
3. **Offer Customization**: Allow consumers to personalize key pieces, catering to their desire for individuality.  
4. **Blend Nostalgia with Modernity**: Incorporate retro elements into contemporary designs to appeal to their love for vintage-inspired fashion.  
5. **Focus on Versatility**: Design pieces that can be styled in multiple ways, aligning with Gen Z’s preference for value and adaptability.  
6. **Engage Through Digital Platforms**: Use AR try-ons, virtual fashion shows, and interactive campaigns to connect with tech-savvy consumers.  

---

### **Conclusion**  
For Fall 2024, fashion brands must prioritize sustainability, individuality, and digital engagement to resonate with Generation Z. By incorporating the identified trends—from earthy color palettes to tech-infused fabrics and statement accessories—brands can create collections that not only appeal to existing customers but also attract new Gen Z consumers. Adaptability, innovation, and authenticity will be key to success in this dynamic market."
Food,Food,"Write an informative, food-focused article that argues the chosen {} is sustainable, nutritious, and versatile, and shows how to use it in the specified {}. Use clear headings and bullet points, and favor concise, declarative sentences. Follow this structure:

1) Title: “Sustainable Eating with {}: A Focus on {}”
2) Introduction: Define sustainable eating and state the central argument that {} supports eco-conscious eating through low environmental impact, strong nutrition, and versatility.
3) Environmental Benefits: Present 3–5 bullet points on sustainability advantages (e.g., water needs, soil resilience, carbon footprint/transport, biodiversity). Keep claims factual and practical.
4) Incorporating into {}: 
   - Create separate subsections for each meal type mentioned (e.g., {}).
   - Provide 3 concrete, appealing examples per subsection, each with brief ingredient ideas and a simple flavor/dressing suggestion.
5) Nutritional Value: Bullet a concise list highlighting key nutrients and features (e.g., complete protein if applicable, fiber, minerals, gluten-free status, glycemic impact).
6) Promoting Sustainability Through Daily Food Choices: Offer 5 actionable tips (e.g., local/seasonal sourcing, organic options, waste reduction/leftovers, mindful pairings, education/advocacy).
7) Conclusion: Reinforce how choosing {} in {} advances personal health and environmental sustainability.

Style and sentence type:
- Informative, structured, and practical.
- Predominantly declarative sentences.
- Use headings and bullet points for clarity.
- Maintain a supportive, evidence-aligned tone without unnecessary qualifiers.

Apply this to:
{}={}
{}={}","Prompt:
""Write an informative, food-focused article that argues the chosen ingredient is sustainable, nutritious, and versatile, and shows how to use it in the specified cuisine. Use clear headings and bullet points, and favor concise, declarative sentences. Follow this structure:

1) Title: “Sustainable Eating with ingredient: A Focus on cuisine”
2) Introduction: Define sustainable eating and state the central argument that ingredient supports eco-conscious eating through low environmental impact, strong nutrition, and versatility.
3) Environmental Benefits: Present 3–5 bullet points on sustainability advantages (e.g., water needs, soil resilience, carbon footprint/transport, biodiversity). Keep claims factual and practical.
4) Incorporating into cuisine: 
   - Create separate subsections for each meal type mentioned (e.g., breakfast, lunch, dinner).
   - Provide 3 concrete, appealing examples per subsection, each with brief ingredient ideas and a simple flavor/dressing suggestion.
5) Nutritional Value: Bullet a concise list highlighting key nutrients and features (e.g., complete protein if applicable, fiber, minerals, gluten-free status, glycemic impact).
6) Promoting Sustainability Through Daily Food Choices: Offer 5 actionable tips (e.g., local/seasonal sourcing, organic options, waste reduction/leftovers, mindful pairings, education/advocacy).
7) Conclusion: Reinforce how choosing ingredient in cuisine advances personal health and environmental sustainability.

Style and sentence type:
- Informative, structured, and practical.
- Predominantly declarative sentences.
- Use headings and bullet points for clarity.
- Maintain a supportive, evidence-aligned tone without unnecessary qualifiers.

Apply this to:
ingredient=ingredient
cuisine=cuisine""","Design a documentary script about the historical significance of [traditional dish] in [country]. Include interviews with local historians, chefs, and residents. Discuss how the dish has evolved over time, its role in national celebrations or events, and its variations across different regions. Examine how this dish influences or reflects the cultural identity of [country].
[traditional dish]=Paella
[country]=Spain","**Documentary Script: ""Paella: The Heart of Spain""**

---

**Opening Scene:**  
*(Visuals of a bustling Spanish market, vibrant colors of saffron, rice, and fresh seafood. Traditional Spanish guitar music plays in the background.)*  

**Narrator (Voiceover):**  
""In the heart of Spain, a dish tells a story—a story of history, culture, and community. Paella, a humble yet majestic creation, has become an emblem of Spanish identity. But how did this rice-based dish become a global symbol? Join us as we explore the historical significance of Paella, its evolution, and its enduring role in shaping Spain’s cultural heritage.""  

---

**Scene 1: The Origins of Paella**  
*(Cut to a historian sitting in a historic Valencian farmhouse, surrounded by old cookbooks and artifacts.)*  

**Historian (Interview):**  
""Paella was born in the fertile fields of Valencia, where farmers and laborers needed a hearty, one-pot meal. It began as a simple dish of rice, olive oil, and whatever ingredients were available—often rabbit, chicken, and beans. The addition of saffron, a prized spice, gave it its signature golden hue. Over time, as Spain’s coastal regions flourished, seafood became a staple in Paella, creating the iconic *Paella de Marisco* we know today.""  

*(Visuals of historical paintings, old cooking utensils, and rice fields in Valencia.)*  

**Narrator (Voiceover):**  
""Paella’s roots are deeply tied to the land and its people, reflecting Spain’s agricultural and maritime traditions.""  

---

**Scene 2: Paella’s Evolution**  
*(Transition to a modern kitchen where a renowned chef prepares Paella.)*  

**Chef (Interview):**  
""Paella has evolved, but its essence remains the same. Traditionally, it was cooked over an open fire in a large, shallow pan—the *paella* itself. Today, chefs experiment with ingredients like duck, artichokes, or even black rice, but the key is respecting the technique. The rice must be perfectly cooked, absorbing the flavors of the broth and saffron.""  

*(Close-up shots of the chef stirring the Paella, flames licking the edges of the pan.)*  

**Narrator (Voiceover):**  
""While variations exist, the soul of Paella lies in its simplicity and the care with which it is prepared.""  

---

**Scene 3: Paella in Celebrations**  
*(Cut to a family gathering in a Spanish village, a large Paella pan taking center stage.)*  

**Resident (Interview):**  
""Paella is more than food—it’s a reason to come together. Whether it’s a wedding, a festival, or a Sunday family meal, Paella is always at the heart of our celebrations. It’s a dish that brings people closer, just as it has for generations.""  

*(Visuals of people laughing, sharing stories, and serving Paella at a communal table.)*  

**Narrator (Voiceover):**  
""Paella is a symbol of unity, a dish that transcends social boundaries and connects Spaniards to their roots.""  

---

**Scene 4: Regional Variations**  
*(Transition to different regions of Spain, showcasing unique Paella styles.)*  

**Narrator (Voiceover):**  
""While Valencia is the birthplace of Paella, each region has put its own spin on the dish. In Catalonia, you’ll find *Paella Negra* with squid ink, while in Madrid, *Paella Mixta* combines seafood and meat. Each variation tells a story of local ingredients and culinary creativity.""  

*(Interviews with local chefs and residents in Catalonia and Madrid, showcasing their unique Paella recipes.)*  

**Local Chef (Interview):**  
""Paella is like a canvas—it reflects the diversity of Spain. Every region adds its own colors and flavors, but the foundation remains the same.""  

---

**Scene 5: Paella and Spanish Identity**  
*(Cut to a cultural critic sitting in a historic plaza.)*  

**Cultural Critic (Interview):**  
""Paella is not just a dish; it’s a cultural ambassador. It embodies Spain’s values—generosity, tradition, and a deep connection to the land. When people around the world enjoy Paella, they’re experiencing a piece of Spain’s soul.""  

*(Visuals of Paella being served in international restaurants, juxtaposed with Spanish landscapes.)*  

**Narrator (Voiceover):**  
""Paella has become a global phenomenon, but its heart remains firmly rooted in Spain. It’s a dish that tells the story of a nation—its history, its people, and its enduring spirit.""  

---

**Closing Scene:**  
*(Return to the bustling market, with a final shot of a perfectly cooked Paella.)*  

**Narrator (Voiceover):**  
""Paella is more than a meal—it’s a legacy. As Spain continues to evolve, this timeless dish remains a reminder of where it all began. In every grain of rice, every thread of saffron, and every shared meal, Paella keeps the heart of Spain beating.""  

*(Fade out with traditional Spanish music, ending with the tagline: ""Paella: The Heart of Spain."")*  

--- 

**End Credits.**"
Games,Games,"Write an analytical overview about Games titled “Role of the {} in Shaping {}.” Use primarily declarative sentences and advance the argument that {} significantly shapes development, success, and {} through feedback, modding, {}, and sustained engagement.

Requirements:
- Audience: game-studies and industry-aware readers.
- Structure: organize into clear sections with headings and concise bullet points:
  1) Community Feedback (how forums, reviews, and discussions inform {} and patches)
  2) Modding (Steam Workshop/tools, notable mods, and official support)
  3) {} (guides, videos, maps, skins, events)
  4) {} and Player Retention (how community activity sustains relevance)
  5) Conclusion (synthesize {}’s influence)
- {} specifics for the given inputs:
  - Community/forum: {}
  - Genre: {}
- Include {} and {}:
  - Feedback influencing {}/{}: Terraria (Hardmode/endgame additions), Minecraft (redstone mechanics, biome diversity), Garry’s Mod (physics/multiplayer improvements)
  - Modding milestones: Skyrim (Falskaar total conversion), Arma 3 → DayZ (mod to standalone), Kerbal Space Program (official modding API)
  - Fan {} and visibility: Minecraft Let’s Plays/custom maps (e.g., The Dropper), Rust server events/custom skins
  - {}: Starbound and Don’t Starve continuous {}; GTA V role-playing servers sustaining interest
- Tone and sentence type: predominantly declarative statements that present information, examples, and analysis; maintain a clear argumentative throughline that the {} materially influences {} decisions, {} cadence, and long-term engagement.
- Finish with a brief “Keywords” line summarizing core concepts (e.g., Community Feedback, Modding, {}, Steam Workshop, Player Engagement, {}).

Ensure clarity for AI parsing and avoid rhetorical questions or narrative digressions.","Prompt:
""Write an analytical overview about Games titled “Role of the Community in Shaping Development.” Use primarily declarative sentences and advance the argument that the community significantly shapes development, success, and longevity through feedback, modding, content creation, and sustained engagement.

Requirements:
- Audience: game-studies and industry-aware readers.
- Structure: organize into clear sections with headings and concise bullet points:
  1) Community Feedback (how forums, reviews, and discussions inform updates and patches)
  2) Modding (Steam Workshop/tools, notable mods, and official support)
  3) Content Creation (guides, videos, maps, skins, events)
  4) Community Activity and Player Retention (how community activity sustains relevance)
  5) Conclusion (synthesize community’s influence)
- Specifics for the given inputs:
  - Community/forum: gaming communities
  - Genre: sandbox games
- Include examples and case studies:
  - Feedback influencing updates/patches: Terraria (Hardmode/endgame additions), Minecraft (redstone mechanics, biome diversity), Garry’s Mod (physics/multiplayer improvements)
  - Modding milestones: Skyrim (Falskaar total conversion), Arma 3 → DayZ (mod to standalone), Kerbal Space Program (official modding API)
  - Fan content and visibility: Minecraft Let’s Plays/custom maps (e.g., The Dropper), Rust server events/custom skins
  - Sustained engagement: Starbound and Don’t Starve continuous updates; GTA V role-playing servers sustaining interest
- Tone and sentence type: predominantly declarative statements that present information, examples, and analysis; maintain a clear argumentative throughline that the community materially influences development decisions, update cadence, and long-term engagement.
- Finish with a brief “Keywords” line summarizing core concepts (e.g., Community Feedback, Modding, Content Creation, Steam Workshop, Player Engagement, Longevity).

Ensure clarity for AI parsing and avoid rhetorical questions or narrative digressions.""","Explore the impact of in-game economies in [multiplayer online game]. Analyze how the virtual economy influences player behavior and game dynamics. Discuss the role of trading, resource management, and currency systems in shaping the player experience and sustaining the game's ecosystem. Include examples of both positive and negative effects on gameplay and social interactions within the game.
[multiplayer online game]=World of Warcraft","**Impact of In-Game Economies in World of Warcraft**

The in-game economy in *World of Warcraft (WoW)* plays a pivotal role in shaping player behavior, game dynamics, and the overall ecosystem. Through trading, resource management, and currency systems, the virtual economy influences how players interact with the game and each other. Below is an analysis of its effects, including both positive and negative outcomes.

---

### **1. Virtual Economy Components in WoW**
- **Currency Systems**: Gold, tokens, and other currencies (e.g., Honor Points, Conquest Points) serve as the backbone of transactions.  
- **Resource Management**: Gathering materials (e.g., herbs, ores) and crafting items (e.g., gear, potions) drive supply and demand.  
- **Trading**: Auction House and player-to-player trades facilitate the exchange of goods and services.  

---

### **2. Influence on Player Behavior**
#### **Positive Effects**  
- **Goal Setting and Progression**: Players are motivated to earn gold or resources to upgrade gear, buy mounts, or fund raids, enhancing engagement.  
- **Specialization and Collaboration**: The economy encourages players to specialize in professions (e.g., blacksmithing, alchemy), fostering teamwork and interdependence.  
- **Market Savvy**: Players learn to analyze supply and demand, developing real-world economic skills like pricing and investment.  

#### **Negative Effects**  
- **Gold Farming and Exploitation**: Some players resort to repetitive grinding or real-money trading (RMT) to gain an advantage, undermining fairness.  
- **Wealth Inequality**: A small percentage of players accumulate vast wealth, creating a disparity that can discourage newer or casual players.  

---

### **3. Impact on Game Dynamics**
#### **Positive Effects**  
- **Sustained Ecosystem**: The economy keeps the game alive by providing goals and incentives for players to log in regularly.  
- **Dynamic Markets**: Fluctuations in prices and availability of items (e.g., during expansions or events) keep the game world feeling alive and responsive.  
- **Content Engagement**: Economic activities tie into other game systems (e.g., raiding, PvP), ensuring a holistic gameplay experience.  

#### **Negative Effects**  
- **Inflation and Deflation**: Poorly managed currency systems can lead to inflation (e.g., gold becoming less valuable) or deflation (e.g., items becoming too expensive).  
- **Exploitation of Mechanics**: Players may abuse systems (e.g., monopolizing markets) to gain unfair advantages, disrupting balance.  

---

### **4. Social Interactions**
#### **Positive Effects**  
- **Community Building**: Trading and resource sharing foster cooperation and guild cohesion.  
- **Roleplay and Immersion**: The economy adds depth to roleplaying servers, where players simulate professions and businesses.  

#### **Negative Effects**  
- **Toxic Behavior**: Wealth disparities or disputes over trades can lead to arguments or exclusionary practices.  
- **Scams and Fraud**: Players may exploit trust in trades, damaging social relationships.  

---

### **5. Examples**  
- **Positive**: The introduction of the Token system (exchangeable for game time or gold) balanced the economy by providing a legitimate alternative to RMT.  
- **Negative**: During the *Wrath of the Lich King* expansion, over-farming of Northrend herbs led to deflation, making crafting professions less profitable.  

---

### **Conclusion**  
The in-game economy in *World of Warcraft* is a double-edged sword. When well-managed, it enhances player engagement, fosters collaboration, and sustains the game’s ecosystem. However, imbalances or exploitation can lead to negative experiences, highlighting the need for careful design and oversight. By understanding these dynamics, developers can create economies that enrich gameplay while minimizing drawbacks."
Health,Health,"""Using the provided User_Input {} ([Exercise Type]={}, [Target Audience]={}, [{} or Equipment]={}), create a health-focused guide titled “{} Training: {} for Enhancing {} Through {}.” Ensure {} aligns with these Output_characteristics:

- Argument: State clearly that {} is an effective and accessible way to enhance {} health, endurance, and overall fitness. Support this claim with a structured workout plan and practical tips.
- Background: Provide foundational information on the benefits of {} for {} health, including bullet points on improved heart health (stronger heart, lower resting heart rate, reduced {} disease risk), enhanced endurance and oxygen efficiency, weight management through calorie burn, stress reduction via endorphins, and accessibility/minimal equipment.

Then, present one progressive workout plan that emphasizes {}, organized into three levels with weekly schedules:
- Beginner (Weeks 1–4): include run/walk intervals (e.g., 1 min run/2 min walk for 20 minutes, progressing to 2/1 for 25 minutes), one steady easy run (~20 minutes), one cross-training session (~30 minutes), one long easy run (~30 minutes), and appropriate rest days.
- Intermediate (Weeks 5–8): include interval training (e.g., 4x400 m fast with 2-minute walk recoveries), a tempo run (~30 minutes with ~20 minutes at a challenging but sustainable pace), an easy run (~30 minutes), one cross-training session (~40 minutes), a long easy run (~45 minutes), and rest.
- Advanced (Weeks 9–12): include interval training (e.g., 6x800 m fast with ~90-second jog recoveries), a longer tempo run (~40 minutes with ~25 minutes at challenging pace), an easy run (~40 minutes), one cross-training session (~45 minutes), a long easy run (~60 minutes), and rest.

Conclude with concise, actionable tips that support the argument and health focus (e.g., warm-up and cool-down, proper footwear, hydration and nutrition, listening to your body to prevent overtraining, and tracking progress). Use clear section headings and bullet points for readability, maintaining an encouraging, practical tone for {}.""","Prompt:
""Using the provided User_Input (Exercise Type={Running}, Target Audience={Beginners}, Equipment={None}), create a health-focused guide titled “Running Training: A Guide for Enhancing Cardiovascular Health Through Exercise.” Ensure the content aligns with these Output_characteristics:

- Argument: State clearly that running is an effective and accessible way to enhance cardiovascular health, endurance, and overall fitness. Support this claim with a structured workout plan and practical tips.
- Background: Provide foundational information on the benefits of running for cardiovascular health, including bullet points on improved heart health (stronger heart, lower resting heart rate, reduced heart disease risk), enhanced endurance and oxygen efficiency, weight management through calorie burn, stress reduction via endorphins, and accessibility/minimal equipment.

Then, present one progressive workout plan that emphasizes running, organized into three levels with weekly schedules:
- Beginner (Weeks 1–4): include run/walk intervals (e.g., 1 min run/2 min walk for 20 minutes, progressing to 2/1 for 25 minutes), one steady easy run (~20 minutes), one cross-training session (~30 minutes), one long easy run (~30 minutes), and appropriate rest days.
- Intermediate (Weeks 5–8): include interval training (e.g., 4x400 m fast with 2-minute walk recoveries), a tempo run (~30 minutes with ~20 minutes at a challenging but sustainable pace), an easy run (~30 minutes), one cross-training session (~40 minutes), a long easy run (~45 minutes), and rest.
- Advanced (Weeks 9–12): include interval training (e.g., 6x800 m fast with ~90-second jog recoveries), a longer tempo run (~40 minutes with ~25 minutes at challenging pace), an easy run (~40 minutes), one cross-training session (~45 minutes), a long easy run (~60 minutes), and rest.

Conclude with concise, actionable tips that support the argument and health focus (e.g., warm-up and cool-down, proper footwear, hydration and nutrition, listening to your body to prevent overtraining, and tracking progress). Use clear section headings and bullet points for readability, maintaining an encouraging, practical tone for all readers.""","Serve as a Sleep Consultant for [Name]. Considering [Name]'s current sleep patterns [Current Sleep Patterns], typical daily stress levels [Daily Stress Levels], and evening habits [Evening Habits], craft a personalized 21-day sleep improvement program. The program should include bedtime rituals, environment adjustments, and lifestyle changes aimed at enhancing sleep quality. Each recommendation should be aligned with [Name]'s specific needs and routines, with explanations on how they contribute to better sleep and overall health.
[Name]=Emily
[Current Sleep Patterns]=6 hours per night, often interrupted
[Daily Stress Levels]=High due to work and personal commitments
[Evening Habits]=Watching TV until late, occasionally consumes caffeine","### **21-Day Sleep Improvement Program for Emily**

Based on Emily’s current sleep patterns (6 hours per night, often interrupted), high daily stress levels, and evening habits (watching TV until late, occasional caffeine consumption), this program is designed to improve sleep quality, reduce stress, and establish healthier routines. Each recommendation is tailored to Emily’s specific needs and explains how it contributes to better sleep and overall health.

---

### **Week 1: Establish a Consistent Sleep Foundation**
**Goal:** Create a structured bedtime routine and optimize the sleep environment.

1. **Set a Consistent Sleep Schedule**  
   - **Action:** Go to bed at 10:30 PM and wake up at 5:30 AM (7 hours of sleep).  
   - **Why:** Consistency regulates the body’s internal clock, improving sleep quality.  

2. **Create a Relaxing Bedtime Ritual (30 minutes before bed)**  
   - **Action:** Replace TV with calming activities like reading, journaling, or gentle stretching.  
   - **Why:** Reduces mental stimulation and signals to the brain that it’s time to wind down.  

3. **Optimize Sleep Environment**  
   - **Action:** Ensure the room is cool (65–68°F), dark (use blackout curtains), and quiet (use a white noise machine if needed).  
   - **Why:** A comfortable environment minimizes disruptions and promotes deeper sleep.  

4. **Eliminate Evening Caffeine**  
   - **Action:** Avoid caffeine after 2 PM.  
   - **Why:** Caffeine disrupts sleep by blocking adenosine receptors, making it harder to fall and stay asleep.  

---

### **Week 2: Manage Stress and Enhance Sleep Hygiene**
**Goal:** Incorporate stress-reducing practices and improve sleep hygiene.

5. **Introduce Stress-Relief Techniques**  
   - **Action:** Practice 10 minutes of deep breathing or meditation before bed.  
   - **Why:** Reduces cortisol levels, promoting relaxation and better sleep.  

6. **Limit Screen Time Before Bed**  
   - **Action:** Turn off screens (TV, phone, laptop) at least 1 hour before bed.  
   - **Why:** Blue light suppresses melatonin production, delaying sleep onset.  

7. **Incorporate Light Physical Activity**  
   - **Action:** Take a 20-minute walk after dinner.  
   - **Why:** Exercise reduces stress and improves sleep quality, but avoid vigorous activity close to bedtime.  

8. **Hydrate Mindfully**  
   - **Action:** Stop drinking fluids 1 hour before bed to reduce nighttime awakenings.  
   - **Why:** Minimizes the need to use the bathroom during the night.  

---

### **Week 3: Deepen Sleep Quality and Sustain Habits**
**Goal:** Enhance sleep depth and solidify long-term habits.

9. **Add Magnesium-Rich Foods to Diet**  
   - **Action:** Include foods like spinach, almonds, or pumpkin seeds in evening meals.  
   - **Why:** Magnesium promotes muscle relaxation and improves sleep quality.  

10. **Practice Progressive Muscle Relaxation (PMR)**  
    - **Action:** Spend 5 minutes tensing and relaxing each muscle group before bed.  
    - **Why:** Reduces physical tension, aiding in deeper sleep.  

11. **Use a Sleep Journal**  
    - **Action:** Track sleep patterns, stress levels, and evening activities daily.  
    - **Why:** Identifies patterns and reinforces accountability.  

12. **Gradually Increase Sleep Duration**  
    - **Action:** Shift bedtime to 10:15 PM (7.25 hours of sleep).  
    - **Why:** Gradually increasing sleep duration avoids shock to the system and improves adaptation.  

---

### **Additional Tips for Long-Term Success**
- **Weekend Consistency:** Maintain the same sleep schedule on weekends to avoid disrupting the body’s rhythm.  
- **Mindful Evening Snacking:** If hungry, opt for sleep-friendly snacks like a small banana or chamomile tea.  
- **Professional Support:** If stress persists, consider consulting a therapist or counselor.  

By following this 21-day program, Emily can expect improved sleep quality, reduced stress, and increased energy levels, contributing to better overall health and well-being."
Ideas,Ideas,"Generate ideas as an expert brand strategist: Using the provided {}, {}, {}, and {}, create a comprehensive brand identity with clear, structured sections. Your output must: (1) present a strong, cohesive Argument that explains how {} can win with its differentiated offering and why it matters to the target customers; (2) include sufficient Background to support that argument (audience insights, brand values, competitive landscape, and visual identity context); (3) use predominantly declarative sentences for clarity; and (4) maintain a professional, structured, and engaging style suited to a business audience. Deliver the following, each as a focused one-paragraph section unless noted otherwise, tailored specifically to the inputs and rich in practical Ideas:  
- Unique value proposition and positioning {} that argues {}’s edge and benefits.  
- Target audience description with 2–3 buyer personas grounded in motivations, behaviors, and barriers.  
- Consistent brand voice and tone guideline with examples of how tone flexes by channel.  
- Mission {}, {}, and brand personality traits that align to {} and category.  
- Competitive positioning {} with {} versus likely competitors.  
- End-to-end customer experience description across key touchpoints (discovery to retention).  
- Name ideas (multiple) and {} for {}, {}, and color palettes.  
- Example taglines, short website copy, and ad headlines across at least two conceptual territories.  
- Quantitative validation survey questions (scales and multiple choice) and a concise plan for analyzing results and decision criteria.  
- A one-page messaging hierarchy and content guide (headline, subhead, 3–5 key messages with proof, CTAs, and channel notes).  
- A one-page visual identity and branding guidelines summary (logo usage, {}, {} stack, imagery style, and tone reminders).  
Ensure every recommendation is specific to the inputs and emphasizes fresh, actionable Ideas that a brand team could immediately test and implement.","Prompt:
""Generate ideas as an expert brand strategist: Using the provided data, insights, values, and visuals, create a comprehensive brand identity with clear, structured sections. Your output must: (1) present a strong, cohesive Argument that explains how the brand can win with its differentiated offering and why it matters to the target customers; (2) include sufficient Background to support that argument (audience insights, brand values, competitive landscape, and visual identity context); (3) use predominantly declarative sentences for clarity; and (4) maintain a professional, structured, and engaging style suited to a business audience. Deliver the following, each as a focused one-paragraph section unless noted otherwise, tailored specifically to the inputs and rich in practical Ideas:  
- Unique value proposition and positioning statement that argues the brand’s edge and benefits.  
- Target audience description with 2–3 buyer personas grounded in motivations, behaviors, and barriers.  
- Consistent brand voice and tone guideline with examples of how tone flexes by channel.  
- Mission statement, vision, and brand personality traits that align to the brand and category.  
- Competitive positioning analysis with comparisons versus likely competitors.  
- End-to-end customer experience description across key touchpoints (discovery to retention).  
- Name ideas (multiple) and recommendations for typography, logo, and color palettes.  
- Example taglines, short website copy, and ad headlines across at least two conceptual territories.  
- Quantitative validation survey questions (scales and multiple choice) and a concise plan for analyzing results and decision criteria.  
- A one-page messaging hierarchy and content guide (headline, subhead, 3–5 key messages with proof, CTAs, and channel notes).  
- A one-page visual identity and branding guidelines summary (logo usage, font choices, tech stack, imagery style, and tone reminders).  
Ensure every recommendation is specific to the inputs and emphasizes fresh, actionable Ideas that a brand team could immediately test and implement.""","Devise a comprehensive marketing strategy for [Company Name], a firm in the [Industry] sector aiming to enhance its market presence among [Target Audience]. Your strategy should include innovative approaches to digital marketing, traditional advertising, event marketing, and public relations. Include the following elements:

- Objective: Define the primary marketing goal (e.g., increase brand awareness, boost sales, improve customer engagement).
- Key Messages: Outline the core messages that should be communicated to the target audience.
- Digital Marketing Tactics: Specify strategies for SEO, social media, email marketing, and content marketing.
- Traditional Advertising: Propose methods for print, radio, and television advertising.
- Event Marketing: Suggest potential events or sponsorships that align with the company's brand values.
- Public Relations: Develop tactics for media outreach and building public trust.
- Budget Considerations: Provide a preliminary budget allocation for each marketing component.
- Measurement and Evaluation: Detail how the effectiveness of the marketing efforts will be measured and evaluated.

Ensure that each element of the strategy is detailed, actionable, and tailored specifically to [Company Name]'s needs in the [Industry] sector targeting [Target Audience].
[Company Name]= Apex Auto Innovations
[Industry]= Automotive
[Target Audience]= Eco-conscious vehicle buyers","### Comprehensive Marketing Strategy for **Apex Auto Innovations**  
**Industry:** Automotive  
**Target Audience:** Eco-conscious vehicle buyers  

---

#### **Objective**  
Increase brand awareness and position **Apex Auto Innovations** as the leading provider of sustainable, eco-friendly vehicles among eco-conscious buyers. Drive a 25% increase in sales inquiries and a 15% boost in market share within 12 months.  

---

#### **Key Messages**  
- **Sustainability Leadership:** ""Apex Auto Innovations: Driving a Greener Future.""  
- **Innovation:** ""Cutting-edge technology for eco-friendly performance.""  
- **Customer-Centric:** ""Clean mobility, tailored to your values.""  
- **Reliability:** ""Sustainability without compromise on quality or performance.""  

---

#### **Digital Marketing Tactics**  
1. **SEO:**  
   - Optimize website for keywords: ""eco-friendly cars,"" ""sustainable vehicles,"" ""electric car innovations.""  
   - Create location-specific landing pages targeting eco-conscious hubs (e.g., Portland, Austin).  
2. **Social Media:**  
   - Platforms: Instagram, LinkedIn, TikTok, and YouTube.  
   - Content: Short videos showcasing eco-features, customer testimonials, and behind-the-scenes innovation stories.  
   - Campaigns: #DriveGreenChallenge to encourage user-generated content.  
3. **Email Marketing:**  
   - Segmented campaigns targeting existing customers, prospects, and eco-enthusiasts.  
   - Monthly newsletters featuring sustainability tips, product updates, and exclusive offers.  
4. **Content Marketing:**  
   - Blog posts: ""Top 10 Reasons to Choose an Eco-Friendly Vehicle,"" ""The Future of Sustainable Transportation.""  
   - E-books: ""The Ultimate Guide to Green Driving.""  
   - Webinars: ""How Apex Auto Innovations is Reducing Carbon Footprints.""  

---

#### **Traditional Advertising**  
1. **Print:**  
   - Ads in eco-lifestyle magazines (e.g., *Sierra*, *Mother Earth News*) and local newspapers in target cities.  
   - Brochures distributed at eco-friendly events and dealerships.  
2. **Radio:**  
   - 30-second spots on NPR and local stations emphasizing sustainability and innovation.  
3. **Television:**  
   - 15-second commercials on Discovery Channel, National Geographic, and during primetime news slots.  
   - Highlight vehicle features and environmental impact reduction.  

---

#### **Event Marketing**  
1. **Sponsorships:**  
   - Sponsor eco-friendly events like Earth Day festivals, green tech conferences, and sustainability fairs.  
2. **Experiential Events:**  
   - Host test-drive events in eco-conscious cities with interactive displays on sustainability features.  
   - Participate in auto shows with a focus on green technology.  

---

#### **Public Relations**  
1. **Media Outreach:**  
   - Pitch stories to automotive and eco-lifestyle publications (e.g., *Wired*, *GreenBiz*).  
   - Press releases for new product launches and sustainability milestones.  
2. **Building Public Trust:**  
   - Partner with environmental NGOs to showcase commitment to sustainability.  
   - Publish annual sustainability reports highlighting carbon footprint reduction efforts.  

---

#### **Budget Considerations**  
- **Digital Marketing:** 40% ($240,000)  
- **Traditional Advertising:** 30% ($180,000)  
- **Event Marketing:** 15% ($90,000)  
- **Public Relations:** 10% ($60,000)  
- **Miscellaneous:** 5% ($30,000)  
**Total Budget:** $600,000  

---

#### **Measurement and Evaluation**  
1. **Digital Metrics:**  
   - Website traffic, SEO ranking improvements, social media engagement, email open/click rates.  
2. **Sales Metrics:**  
   - Increase in sales inquiries, lead-to-customer conversion rates.  
3. **Brand Awareness:**  
   - Surveys to measure brand recognition among eco-conscious buyers.  
4. **Event ROI:**  
   - Track attendance, test-drive sign-ups, and post-event sales.  
5. **PR Impact:**  
   - Media coverage volume, sentiment analysis, and public trust metrics.  

**Evaluation Frequency:** Quarterly reviews with adjustments based on performance data.  

---

This strategy positions **Apex Auto Innovations** as a leader in sustainable automotive solutions, effectively reaching and engaging eco-conscious vehicle buyers through a multi-channel approach."
Language,Language,"Language task: Analyze the provided {} for its linguistic style and produce a concise, label-based report. Focus on how language choices construct meaning rather than summarizing content.

Instructions:
- Examine and describe: Tone, Sentence Structure (syntax, cadence), Vocabulary (register, notable word choices), Grammar (clausal complexity, constructions), and Distinctive Features (imagery, rhetorical devices, point of view).
- Use brief, precise phrasing; include 2–4 illustrative examples in parentheses where helpful.
- Under Distinctive Features, list 3–4 specific, observable traits as short bullet points or numbered items.
- Maintain a formal, descriptive voice.

Output format:
- Provide labeled lines in this order:
Tone: …
Sentence Structure: …
Vocabulary: …
Grammar: …
Distinctive Features:
1) …
2) …
3) …
(4) … if needed

- Then add a second section titled:
Output_characteristic:
- Summarize the passage using the following four labels, each on its own line:
Argument: … (state the overarching stance or emphasis conveyed by the language)
Sentence Type: … (identify predominant sentence types and cadence)
Background: … (note thematic or contextual currents informing the language, e.g., historical/philosophical imagery)
Style: … (state the overall register and rhetorical character)

Constraints:
- Keep the entire output concise and text-only.
- Emphasize the specified Output_characteristic dimensions when phrasing the analysis.","Prompt:
""Language task: Analyze the provided text for its linguistic style and produce a concise, label-based report. Focus on how language choices construct meaning rather than summarizing content.

Instructions:
- Examine and describe: Tone, Sentence Structure (syntax, cadence), Vocabulary (register, notable word choices), Grammar (clausal complexity, constructions), and Distinctive Features (imagery, rhetorical devices, point of view).
- Use brief, precise phrasing; include 2–4 illustrative examples in parentheses where helpful.
- Under Distinctive Features, list 3–4 specific, observable traits as short bullet points or numbered items.
- Maintain a formal, descriptive voice.

Output format:
- Provide labeled lines in this order:
Tone: …
Sentence Structure: …
Vocabulary: …
Grammar: …
Distinctive Features:
1) …
2) …
3) …
(4) … if needed

- Then add a second section titled:
Output_characteristic:
- Summarize the passage using the following four labels, each on its own line:
Argument: … (state the overarching stance or emphasis conveyed by the language)
Sentence Type: … (identify predominant sentence types and cadence)
Background: … (note thematic or contextual currents informing the language, e.g., historical/philosophical imagery)
Style: … (state the overall register and rhetorical character)

Constraints:
- Keep the entire output concise and text-only.
- Emphasize the specified Output_characteristic dimensions when phrasing the analysis.""","Create a unique dialogue using [Target Language] that reflects the cultural nuances and idiomatic expressions of [Region]. Your dialogue should feature two characters, [Character 1] and [Character 2], who are discussing [Topic]. Ensure that the conversation demonstrates correct usage of regional slang, idioms, and reflects the speaking habits of locals. Provide context notes explaining cultural references and language choices.
[Target Language]=Japanese
[Region]=Kansai
[Character 1]=Haruto
[Character 2]=Emiko
[Topic]=planning a local festival","**Dialogue in Kansai-ben (Kansai Dialect)**  

**Haruto**: えみこちゃん、今年の夏祭りの準備、どないしよ思てはる？めっちゃ盛り上げなあかんやんか。  
**Emiko**: そうやねん、はるくん。ほな、まずは屋台のメニュー考えよや。たこ焼きとお好み焼きは外されへんやろ？  
**Haruto**: もちろんや！関西の夏祭りやったら、たこ焼きは鉄板やで。ほんで、今年は新しいん試してみよや。「チーズ入りたこ焼き」とかどない？  
**Emiko**: ええやん、それ！若者にウケそうやわ。ほんで、ゲームコーナーはどないする？去年の金魚すくいはまあまあやったけど、もっと盛り上がるやつ考えなな。  
**Haruto**: ほな、「輪投げ」とかどないや？景品は地元のお菓子にして、めっちゃ盛り上がるで。ほんで、音楽はどうしよ？  
**Emiko**: そうやな、やっぱり祭りの雰囲気出すなら、お祭り太鼓と演歌は外されへんやろ。ほんで、若者向けにJ-POPも混ぜよや。  
**Haruto**: それええわ！ほんで、最後に花火やな。今年は予算増やしてもらって、もっと派手なやつ打ち上げよや。  
**Emiko**: そうやな、花火は祭りのクライマックスやし、めっちゃ感動させるで。ほな、早よ準備始めよか。  
**Haruto**: よっしゃ、えみこちゃん任しとき！今年の夏祭り、めっちゃ盛り上げるで～！  

**Context Notes:**  
1. **Kansai-ben (関西弁)**: The dialogue is in the Kansai dialect, which is known for its friendly and expressive tone. Phrases like ""どないしよ思てはる？"" (What do you think we should do?) and ""外されへんやろ？"" (We can't leave it out, right?) are typical of Kansai speech.  
2. **Cultural References**:  
   - **たこ焼きとお好み焼き**: These are iconic foods of the Kansai region, especially in Osaka, and are staples at local festivals.  
   - **お祭り太鼓と演歌**: Traditional Japanese festival drums and enka (a genre of Japanese music) are commonly associated with local festivals.  
   - **花火**: Fireworks are a highlight of Japanese summer festivals, symbolizing the climax of the event.  
3. **Idiomatic Expressions**:  
   - **""鉄板""**: Literally means ""iron plate,"" but idiomatically means ""a sure thing"" or ""guaranteed success.""  
   - **""外されへん""**: Means ""can't be left out"" or ""essential.""  
   - **""任しとき！""**: A confident expression meaning ""Leave it to me!""  
4. **Speaking Habits**: The use of ""やねん"" and ""やで"" at the end of sentences is a characteristic of Kansai-ben, adding a casual and friendly tone to the conversation.  

This dialogue captures the lively and communal spirit of Kansai culture, emphasizing collaboration and enthusiasm in planning a local festival."
Music,Music,"Using the provided {}, produce a comprehensive, formal, and analytical report on the business side of the music industry. Replace {} and {} with the given genres ({} and {}). Structure the output with clear headings and bullet points, and use primarily declarative sentences.

Content requirements:
- Introduce the topic and state the central argument that understanding the evolving dynamics of the industry is crucial for emerging artists in {} and {} to succeed.
- Section on the Role of Music Labels: explain functions of major vs independent labels (financing, A&R, marketing, distribution), typical trade-offs (control, revenue share, term), and genre-specific impacts for {} and {}.
- Section on the Impact of Streaming Services: describe the revenue model (per-stream payouts, scale effects), discovery mechanisms (algorithms, playlists), and genre-specific challenges and opportunities.
- Section on the Economics of Live Tours and Festivals: outline key revenue and cost drivers (tickets, guarantees vs door deals, production/crew/transport, merch margins, sponsorships), differences between tours and festivals, and implications for emerging acts in {} and {}.
- Section detailing Challenges and Opportunities for Emerging Artists: provide separate bullet lists for {}, with concrete, practical points (e.g., oversaturation and viral cycles in {}; niche audience loyalty, vinyl and merch in {}; DIY touring; festival access).
- Section on Future Trends: discuss decentralization/Web3, global reach via streaming and social discovery, and hybrid income models that blend streaming, live, and merchandise.
- Conclude by reinforcing the central argument and offering a concise takeaway.

Style requirements:
- Formal, analytical tone.
- Clear headings and bullet points for organization.
- Comprehensive and detailed coverage without fluff.

Do not cite or link.","Prompt:
""Using the provided information, produce a comprehensive, formal, and analytical report on the business side of the music industry. Replace the placeholders and with the given genres (rock and hip-hop). Structure the output with clear headings and bullet points, and use primarily declarative sentences.

Content requirements:
- Introduce the topic and state the central argument that understanding the evolving dynamics of the industry is crucial for emerging artists in rock and hip-hop to succeed.
- Section on the Role of Music Labels: explain functions of major vs independent labels (financing, A&R, marketing, distribution), typical trade-offs (control, revenue share, term), and genre-specific impacts for rock and hip-hop.
- Section on the Impact of Streaming Services: describe the revenue model (per-stream payouts, scale effects), discovery mechanisms (algorithms, playlists), and genre-specific challenges and opportunities.
- Section on the Economics of Live Tours and Festivals: outline key revenue and cost drivers (tickets, guarantees vs door deals, production/crew/transport, merch margins, sponsorships), differences between tours and festivals, and implications for emerging acts in rock and hip-hop.
- Section detailing Challenges and Opportunities for Emerging Artists: provide separate bullet lists for rock and hip-hop, with concrete, practical points (e.g., oversaturation and viral cycles in hip-hop; niche audience loyalty, vinyl and merch in rock; DIY touring; festival access).
- Section on Future Trends: discuss decentralization/Web3, global reach via streaming and social discovery, and hybrid income models that blend streaming, live, and merchandise.
- Conclude by reinforcing the central argument and offering a concise takeaway.

Style requirements:
- Formal, analytical tone.
- Clear headings and bullet points for organization.
- Comprehensive and detailed coverage without fluff.

Do not cite or link.""","Craft a detailed review of a hypothetical album by [Artist Name] that explores the concept of [Concept Theme]. Discuss how each track contributes to the overarching theme, mentioning specific sounds, lyricism, and influences from various music genres. Analyze the artist’s evolution in style compared to their previous works. Conclude with how this album resonates with audiences and its potential impact on [Artist Name]'s career trajectory.
[Artist Name]=Adele
[Concept Theme]=Time Travel","**Album Review: Adele – *Chronicles of Yesterday* (Hypothetical Album Exploring Time Travel)**

Adele, the undisputed queen of soulful ballads and emotional storytelling, has returned with *Chronicles of Yesterday*, a concept album that boldly ventures into the realm of time travel. This album marks a significant departure from her previous works, blending her signature powerhouse vocals with experimental soundscapes and thematic depth. Through *Chronicles of Yesterday*, Adele not only revisits her own artistic roots but also pushes the boundaries of her craft, creating a record that is both deeply personal and universally resonant.

### **Album Overview**
*Chronicles of Yesterday* is a 12-track odyssey that explores the complexities of time, memory, and identity. Each song serves as a portal to a different era, weaving together narratives of love, loss, and self-discovery. Adele’s lyricism is sharper than ever, with metaphors of clocks, echoes, and fading photographs permeating the album. Musically, the record draws influences from soul, jazz, electronic, and even classical genres, creating a sonic tapestry that feels both timeless and futuristic.

### **Track-by-Track Analysis**
1. **""Hourglass""**  
   - **Opener**: A haunting piano ballad with a slow build, featuring Adele’s raw, emotive vocals. The lyrics metaphorically compare life to an hourglass, setting the album’s theme of time’s inevitability.  
   - **Key Sound**: Sparse instrumentation, emphasizing Adele’s voice and a ticking clock backdrop.  

2. **""Echoes of 1922""**  
   - **Time Period**: A jazz-infused track that transports listeners to the Roaring Twenties. Adele’s vocals are playful yet melancholic, recounting a love affair from the past.  
   - **Influence**: Clear nods to Ella Fitzgerald and Louis Armstrong, with a modern twist through electronic undertones.  

3. **""Future Proof""**  
   - **Electronic Shift**: A synth-driven track that explores the anxiety of an uncertain future. Adele’s voice is layered and processed, showcasing her versatility.  
   - **Lyricism**: Themes of resilience and hope amidst chaos.  

4. **""Yesterday’s Letter""**  
   - **Soulful Ballad**: A classic Adele heartbreak anthem, but with a twist—the letter in question is from a past version of herself.  
   - **Key Sound**: Gospel choir backing vocals and a soaring string arrangement.  

5. **""Time Thief""**  
   - **Uptempo**: A funk-inspired track with a groovy bassline, accusing a lover of stealing moments they can’t return.  
   - **Influence**: Echoes of 70s disco and Prince’s funk sensibilities.  

6. **""The Clockmaker’s Daughter""**  
   - **Storytelling**: A narrative-driven track about a woman who inherits a time-stopping clock. Adele’s vocals are theatrical, bordering on spoken word.  
   - **Sound**: Cinematic orchestration with ticking clocks and chiming bells.  

7. **""Infinite Loop""**  
   - **Experimental**: A repetitive, hypnotic track that explores the cycle of regret. Adele’s voice is distorted and looped, creating a claustrophobic effect.  
   - **Genre Blend**: Ambient and trip-hop influences.  

8. **""1950s Love Song""**  
   - **Nostalgia**: A vintage-sounding track with doo-wop harmonies, recounting a love story from mid-century America.  
   - **Key Sound**: Acoustic guitar, soft percussion, and Adele’s velvety vocals.  

9. **""The Last Second""**  
   - **Power Ballad**: A climactic track about seizing the present moment. Adele’s vocals reach their peak, with a dramatic crescendo.  
   - **Influence**: Arena rock meets soul, reminiscent of her *21* era but more polished.  

10. **""Ghost of Tomorrow""**  
    - **Atmospheric**: A haunting track about the fear of what’s to come. Adele’s voice is layered over a minimalist electronic beat.  
    - **Lyricism**: Poetic and introspective, with lines like, “The future whispers, but I can’t reply.”  

11. **""Rewind and Repeat""**  
    - **Reflective**: A piano-driven track about the desire to relive moments. Adele’s delivery is tender and vulnerable.  
    - **Key Sound**: Stripped-back production, focusing on her voice and piano.  

12. **""Timeless""**  
    - **Closer**: A grand, orchestral finale that ties the album’s themes together. Adele’s vocals are accompanied by a full symphony, ending on a note of acceptance and peace.  
    - **Lyricism**: “Time is a river, and I’m learning to swim.”  

### **Artistic Evolution**
Compared to her earlier works like *21* and *25*, *Chronicles of Yesterday* showcases Adele’s willingness to experiment. While her previous albums were rooted in traditional soul and R&B, this record embraces genre fusion and conceptual storytelling. Her vocal range remains unparalleled, but she now uses it as a tool to enhance the album’s thematic layers rather than relying solely on emotional intensity.

### **Resonance and Impact**
*Chronicles of Yesterday* is a testament to Adele’s ability to evolve while staying true to her core identity. The album’s exploration of time travel resonates deeply in an era where nostalgia and uncertainty dominate cultural discourse. For fans, it offers a fresh perspective on her artistry, while for critics, it solidifies her place as a versatile and innovative musician.  

This album has the potential to redefine Adele’s career trajectory, proving she can tackle ambitious concepts without losing her emotional authenticity. It may also attract a broader audience, particularly those drawn to experimental and thematic music. *Chronicles of Yesterday* is not just an album—it’s a journey through time, memory, and the human experience, cementing Adele’s legacy as one of her generation’s most profound storytellers."
SEO,SEO,"{} as an SEO website architecture strategist. Using the provided {main {}} and {niche}, generate a comprehensive SILO blueprint that argues why a well-structured SILO with thematic {} and strategic interlinking will optimize rankings for the target term, and provide background that outlines a detailed, semantic framework. Structure your response with clear section headings and bullet points, and tailor all {} specifically to the given {} and niche.

Include the following:
1) {} based on semantic {} clusters
- 4–6 high-level {} that logically group the topic landscape around {main {}} within the {niche}.
- For each {}, include a short “Focus” line that explains its role in ranking for the main term.

2) Secondary subtopics within each {}
- 4–6 specific subtopics per {} that map to long-tail queries and user intents related to {main {}}.

3) Interlinking strategy across {}
- Actionable internal linking guidance that connects foundational → specialized {}, problem-solution flows, and tool guides across {}.
- Mention contextual anchor text, related articles modules, and hub-spoke hierarchy to improve crawlability and topical authority.

4) Home page SEO
- One SEO title and one meta description that emphasize {main {}}, value proposition, and coverage breadth. Use a compelling, expert tone and include a placeholder [Brand Name].

5) Title recommendations for key {} pages
- At least two strong, click-worthy titles per {} that naturally integrate {main {}} variants and intent-specific modifiers.

6) Reinforce the argument and background
- Open with a brief statement that the SILO is designed to rank for {main {}} in the {niche} by organizing {} into {} and employing strategic interlinking.
- Conclude with notes on {} optimization, UX/CRO cues, and {} freshness to maintain topical authority.

Style and constraints:
- Use concise, expert language with bullets and short paragraphs.
- Keep the architecture cohesive and focused on ranking for the exact {main {}} while covering its semantic neighborhood.
- Avoid generic filler; ensure every element supports SEO strategy and user intent coverage.","Prompt:
""As an SEO website architecture strategist. Using the provided main keyword and niche, generate a comprehensive SILO blueprint that argues why a well-structured SILO with thematic clusters and strategic interlinking will optimize rankings for the target term, and provide background that outlines a detailed, semantic framework. Structure your response with clear section headings and bullet points, and tailor all elements specifically to the given main keyword and niche.

Include the following:
1) SILOs based on semantic topic clusters
- 4–6 high-level SILOs that logically group the topic landscape around main keyword within the niche.
- For each SILO, include a short “Focus” line that explains its role in ranking for the main term.

2) Secondary subtopics within each SILO
- 4–6 specific subtopics per SILO that map to long-tail queries and user intents related to main keyword.

3) Interlinking strategy across SILOs
- Actionable internal linking guidance that connects foundational → specialized SILOs, problem-solution flows, and tool guides across SILOs.
- Mention contextual anchor text, related articles modules, and hub-spoke hierarchy to improve crawlability and topical authority.

4) Home page SEO
- One SEO title and one meta description that emphasize main keyword, value proposition, and coverage breadth. Use a compelling, expert tone and include a placeholder [Brand Name].

5) Title recommendations for key SILO pages
- At least two strong, click-worthy titles per SILO that naturally integrate main keyword variants and intent-specific modifiers.

6) Reinforce the argument and background
- Open with a brief statement that the SILO is designed to rank for main keyword in the niche by organizing content into SILOs and employing strategic interlinking.
- Conclude with notes on on-page optimization, UX/CRO cues, and content freshness to maintain topical authority.

Style and constraints:
- Use concise, expert language with bullets and short paragraphs.
- Keep the architecture cohesive and focused on ranking for the exact main keyword while covering its semantic neighborhood.
- Avoid generic filler; ensure every element supports SEO strategy and user intent coverage.""","Imagine you are a digital marketing expert tasked with revamping the online presence of [Company Name]. Your primary goal is to enhance their SEO rankings for [Specific Industry] keywords. Begin with a complete SEO audit of their current website, focusing on issues like site speed, mobile usability, and keyword density. Next, develop a strategic SEO plan that includes both on-page and off-page optimization tactics. Detail steps for implementing technical SEO improvements, creating backlinks, and updating or adding key pages that target [Desired Keywords]. Finally, compose a detailed report outlining your findings, your proposed strategy, and a timeline for expected results. Ensure your plan is actionable and tailored to [Company Name]'s specific needs and goals.
[Company Name]: Bella Boutique
[Specific Industry]: Fashion Retail
[Desired Keywords]: women's fashion, designer dresses, affordable luxury accessories, boutique clothing trends, online fashion store","**SEO Audit & Strategy Report for Bella Boutique**  

**Company Name:** Bella Boutique  
**Industry:** Fashion Retail  
**Desired Keywords:** women's fashion, designer dresses, affordable luxury accessories, boutique clothing trends, online fashion store  

---

### **SEO Audit Findings**  

#### **1. Site Speed**  
- **Issue:** Current website load time is 6.2 seconds on mobile and 4.8 seconds on desktop, exceeding the recommended 3-second threshold.  
- **Impact:** Slow speed negatively affects user experience and SEO rankings.  

#### **2. Mobile Usability**  
- **Issue:** Some pages have unresponsive design elements, particularly in the product gallery and checkout process.  
- **Impact:** Poor mobile experience leads to higher bounce rates and lower conversions.  

#### **3. Keyword Density & Optimization**  
- **Issue:** Target keywords (e.g., ""designer dresses,"" ""affordable luxury accessories"") are underutilized in meta titles, descriptions, and headers.  
- **Impact:** Missed opportunities for ranking on high-value search terms.  

#### **4. Technical SEO**  
- **Issues:**  
  - Broken internal links on category pages.  
  - Missing alt text for product images.  
  - No XML sitemap submitted to Google Search Console.  
- **Impact:** Hinders crawlability and indexability, reducing visibility in search results.  

#### **5. Backlink Profile**  
- **Issue:** Limited high-quality backlinks from authoritative fashion or lifestyle websites.  
- **Impact:** Weak domain authority compared to competitors.  

---

### **Strategic SEO Plan**  

#### **1. Technical SEO Improvements**  
- **Site Speed Optimization:**  
  - Compress images and implement lazy loading.  
  - Upgrade to a faster hosting provider.  
  - Minify CSS, JavaScript, and HTML.  
- **Mobile Usability Fixes:**  
  - Ensure all pages are fully responsive.  
  - Optimize the checkout process for mobile users.  
- **On-Page SEO:**  
  - Add target keywords to meta titles, descriptions, and headers.  
  - Optimize product images with descriptive alt text (e.g., ""affordable luxury accessories – Bella Boutique"").  
  - Fix broken internal links and ensure proper URL structure.  
- **XML Sitemap & Robots.txt:**  
  - Generate and submit an XML sitemap to Google Search Console.  
  - Update robots.txt to allow crawling of all essential pages.  

#### **2. On-Page Optimization**  
- **Key Pages to Update/Add:**  
  - **Homepage:** Highlight ""women's fashion"" and ""online fashion store"" in H1 and meta tags.  
  - **Category Pages:** Optimize for ""designer dresses"" and ""boutique clothing trends.""  
  - **Blog Section:** Add articles targeting ""affordable luxury accessories"" and seasonal fashion trends.  
- **Content Strategy:**  
  - Publish weekly blog posts focusing on target keywords.  
  - Create product descriptions that naturally incorporate keywords.  

#### **3. Off-Page Optimization**  
- **Backlink Building:**  
  - Outreach to fashion bloggers and influencers for product reviews and collaborations.  
  - Submit guest posts to high-authority fashion websites (e.g., Vogue, Who What Wear).  
  - List Bella Boutique in reputable online fashion directories.  
- **Social Media Integration:**  
  - Share blog posts and product updates on Instagram, Pinterest, and Facebook to drive traffic and engagement.  

---

### **Timeline for Expected Results**  

| **Phase**               | **Timeline**       | **Actions**                                                                 | **Expected Results**                                                                 |  
|--------------------------|--------------------|-----------------------------------------------------------------------------|-------------------------------------------------------------------------------------|  
| **Technical SEO Fixes**  | Weeks 1-4          | Implement site speed, mobile usability, and on-page optimizations.          | Improved site speed (<3 seconds), better mobile experience, and higher crawlability.|  
| **Content Optimization** | Weeks 5-8          | Update key pages and launch blog section.                                   | Increased keyword rankings for target terms and higher organic traffic.             |  
| **Backlink Building**    | Weeks 9-16         | Secure backlinks from authoritative sites and directories.                  | Improved domain authority and referral traffic.                                     |  
| **Monitoring & Adjust**  | Ongoing (Months 4+)| Track rankings, traffic, and conversions; refine strategy as needed.        | Sustained growth in organic traffic, rankings, and sales.                           |  

---

### **Detailed Report Summary**  

**Findings:** Bella Boutique’s website suffers from slow site speed, poor mobile usability, underoptimized content, and a weak backlink profile. These issues hinder its ability to rank for key terms like ""women's fashion"" and ""designer dresses.""  

**Strategy:** The proposed plan focuses on technical SEO improvements, on-page optimization, and off-page tactics to enhance visibility and authority. Key actions include site speed optimization, keyword-rich content creation, and strategic backlink building.  

**Expected Results:** With consistent execution, Bella Boutique can expect to see improved rankings for target keywords within 3-6 months, leading to increased organic traffic and higher conversions.  

**Next Steps:** Begin with technical SEO fixes, followed by content optimization and backlink building. Regular monitoring and adjustments will ensure long-term success.  

---  
This actionable plan is tailored to Bella Boutique’s goals, ensuring a strong online presence in the competitive fashion retail industry."
Sports,Sports,"Write an analytical, sports-focused overview explaining how technology modernizes training methods in {}. Use predominantly declarative sentences and provide sufficient background to show how equipment, software, and data analytics together have transformed coaching strategies and athlete development.

Requirements:  
- Title: Modernizing {} Training Methods Through Technology.  
- Brief introduction describing technology’s overall impact on {} training.  
- Structured sections covering:  
  1) Advancements in Equipment: include examples such as smart rackets (swing speed, impact force, shot placement), wearables (heart rate, speed, fatigue), and high-speed cameras (technique analysis). State the impact on individualized technical and physical improvement.  
  2) Software Innovations: include video analysis platforms (e.g., Dartfish, Coach’s Eye), virtual reality for scenario practice, and training apps (e.g., TennisKeeper, MyTennisPal). Explain how these tools support tactical understanding, mental preparation, and consistent training.  
  3) Data Analytics in {}: reference platforms such as IBM SlamTracker and ATP MatchFacts to discuss performance metrics, opponent scouting, and injury prevention via workload/biomechanics monitoring. Emphasize data-driven decisions and competitive advantage.  
  4) Transformed Coaching Strategies: explain personalized training plans, real-time feedback, and holistic development integrating physical, technical, tactical, and mental domains.  
- Conclude with a concise summary of the continued and growing significance of technology in {} training.

Style and constraints:  
- Use clear section headings and bullet points where appropriate.  
- Maintain an objective, informative tone.  
- Avoid first-person narration and promotional language.  
- Focus on clarity, specificity, and relevance to {}.","Prompt:
""Write an analytical, sports-focused overview explaining how technology modernizes training methods in tennis. Use predominantly declarative sentences and provide sufficient background to show how equipment, software, and data analytics together have transformed coaching strategies and athlete development.

Requirements:  
- Title: Modernizing Tennis Training Methods Through Technology.  
- Brief introduction describing technology’s overall impact on tennis training.  
- Structured sections covering:  
  1) Advancements in Equipment: include examples such as smart rackets (swing speed, impact force, shot placement), wearables (heart rate, speed, fatigue), and high-speed cameras (technique analysis). State the impact on individualized technical and physical improvement.  
  2) Software Innovations: include video analysis platforms (e.g., Dartfish, Coach’s Eye), virtual reality for scenario practice, and training apps (e.g., TennisKeeper, MyTennisPal). Explain how these tools support tactical understanding, mental preparation, and consistent training.  
  3) Data Analytics in Tennis: reference platforms such as IBM SlamTracker and ATP MatchFacts to discuss performance metrics, opponent scouting, and injury prevention via workload/biomechanics monitoring. Emphasize data-driven decisions and competitive advantage.  
  4) Transformed Coaching Strategies: explain personalized training plans, real-time feedback, and holistic development integrating physical, technical, tactical, and mental domains.  
- Conclude with a concise summary of the continued and growing significance of technology in tennis training.

Style and constraints:  
- Use clear section headings and bullet points where appropriate.  
- Maintain an objective, informative tone.  
- Avoid first-person narration and promotional language.  
- Focus on clarity, specificity, and relevance to tennis.""","Analyze the impact of technological advancements on training methods in [Sport]. Discuss the integration of modern technologies like virtual reality, wearables, and data analytics in training routines, and how they have transformed athlete preparation and performance.
[Sport]=swimming","**Impact of Technological Advancements on Training Methods in Swimming**

Technological advancements have revolutionized training methods in swimming, significantly enhancing athlete preparation, performance, and recovery. The integration of modern technologies such as **virtual reality (VR)**, **wearables**, and **data analytics** has transformed traditional training routines, offering swimmers and coaches unprecedented insights and tools for optimization.

### **1. Virtual Reality (VR)**
- **Immersive Training Simulations**: VR allows swimmers to simulate race conditions, practice starts, turns, and pacing in a controlled environment. This mental and physical rehearsal improves muscle memory and reduces race-day anxiety.
- **Technique Refinement**: VR systems provide real-time feedback on stroke mechanics, body positioning, and underwater phases, enabling swimmers to make precise adjustments without the physical strain of repetitive drills.
- **Psychological Preparation**: VR is used for visualization exercises, helping swimmers mentally prepare for competitions by simulating high-pressure scenarios.

### **2. Wearables**
- **Real-Time Performance Monitoring**: Devices like smartwatches, smart goggles, and inertial measurement units (IMUs) track metrics such as stroke rate, lap times, heart rate, and oxygen consumption. This data helps coaches tailor training programs to individual needs.
- **Injury Prevention**: Wearables monitor fatigue levels and biomechanical stress, reducing the risk of overuse injuries by identifying early signs of strain.
- **Recovery Optimization**: Devices track sleep patterns, hydration levels, and recovery metrics, ensuring swimmers are in peak condition for training and competitions.

### **3. Data Analytics**
- **Performance Optimization**: Advanced analytics tools process data from wearables and training sessions to identify trends, strengths, and areas for improvement. Coaches use this information to design personalized training plans.
- **Race Strategy Development**: Data analytics helps analyze competitors' performances, enabling swimmers to devise effective race strategies based on pacing, stroke efficiency, and energy management.
- **Long-Term Development**: Historical data tracking allows coaches to monitor an athlete's progress over time, ensuring consistent growth and adaptation to training demands.

### **Transformation in Athlete Preparation and Performance**
- **Precision Training**: Technology enables hyper-focused training, addressing specific weaknesses and maximizing strengths.
- **Enhanced Feedback Loop**: Instant feedback from VR and wearables accelerates learning and technique improvement.
- **Holistic Approach**: The combination of VR, wearables, and data analytics provides a comprehensive view of an athlete's physical and mental state, fostering balanced development.
- **Competitive Edge**: Swimmers leveraging these technologies gain a significant advantage in terms of speed, efficiency, and endurance.

In conclusion, technological advancements in swimming have redefined training paradigms, making athlete preparation more scientific, efficient, and effective. As these technologies continue to evolve, their impact on performance and athlete development will only deepen, setting new standards in the sport."
Study,Study,"Study the provided {} to identify {} and {}. Produce a study-oriented self-help {} for {} in {} that argues success can be achieved by following strategic, actionable steps tailored to market analysis, funding options, product development, branding, customer acquisition, and scaling. Ground your guidance in brief analyses and real-world case studies, highlighting challenges and opportunities unique to {} and offering research-backed, actionable tips. Write primarily in clear, declarative sentences to explain concepts and findings, using occasional imperative sentences to direct concrete actions. Organize {} with clear sections, include concise examples that demonstrate application, and maintain {}.","Prompt:
""Study the provided data to identify trends and patterns. Produce a study-oriented self-help guide for entrepreneurs in startups that argues success can be achieved by following strategic, actionable steps tailored to market analysis, funding options, product development, branding, customer acquisition, and scaling. Ground your guidance in brief analyses and real-world case studies, highlighting challenges and opportunities unique to startups and offering research-backed, actionable tips. Write primarily in clear, declarative sentences to explain concepts and findings, using occasional imperative sentences to direct concrete actions. Organize content with clear sections, include concise examples that demonstrate application, and maintain clarity.""","Design a virtual lab experiment for [User] to understand the principles of [Scientific Principle] in the field of [Science Discipline]. Provide a step-by-step guide on how to set up the simulation, including the materials needed and the expected outcomes. Include questions that encourage critical thinking and hypothesis testing about the observed results.
[User]=Alex [Scientific Principle]=photosynthesis [Science Discipline]=botany","### Virtual Lab Experiment for Alex: Understanding Photosynthesis in Botany  

**Objective:**  
To simulate and observe the process of photosynthesis, understand its key components, and analyze the factors influencing its efficiency.  

---

### **Materials Needed (Virtual Tools):**  
- Virtual lab software with a photosynthesis simulation module  
- Digital thermometer  
- Light intensity meter (virtual)  
- Carbon dioxide sensor (virtual)  
- Virtual plant model (e.g., a leaf or algae cell)  
- Timer  
- Data recording sheet  

---

### **Step-by-Step Guide**  

#### **Step 1: Set Up the Virtual Environment**  
1. Open the virtual lab software and select the **photosynthesis simulation module**.  
2. Choose a plant model (e.g., a leaf or algae cell) for the experiment.  
3. Set up the following parameters:  
   - Light intensity: Adjustable (e.g., low, medium, high).  
   - CO₂ concentration: Adjustable (e.g., 0.03%, 0.06%, 1%).  
   - Temperature: Adjustable (e.g., 20°C, 25°C, 30°C).  

#### **Step 2: Baseline Measurement**  
1. Set the initial conditions:  
   - Light intensity: Medium (e.g., 500 lux).  
   - CO₂ concentration: 0.04%.  
   - Temperature: 25°C.  
2. Start the simulation and record the **rate of oxygen production** (a byproduct of photosynthesis) for 5 minutes.  

#### **Step 3: Test the Effect of Light Intensity**  
1. Increase the light intensity to **high** (e.g., 1000 lux) and observe the oxygen production rate for 5 minutes.  
2. Decrease the light intensity to **low** (e.g., 200 lux) and observe the oxygen production rate for 5 minutes.  

#### **Step 4: Test the Effect of CO₂ Concentration**  
1. Increase the CO₂ concentration to **1%** and observe the oxygen production rate for 5 minutes.  
2. Decrease the CO₂ concentration to **0.02%** and observe the oxygen production rate for 5 minutes.  

#### **Step 5: Test the Effect of Temperature**  
1. Increase the temperature to **30°C** and observe the oxygen production rate for 5 minutes.  
2. Decrease the temperature to **20°C** and observe the oxygen production rate for 5 minutes.  

#### **Step 6: Analyze the Data**  
1. Record all observations in the data sheet, noting the oxygen production rate under each condition.  
2. Plot graphs to visualize the relationship between:  
   - Light intensity vs. oxygen production.  
   - CO₂ concentration vs. oxygen production.  
   - Temperature vs. oxygen production.  

---

### **Expected Outcomes**  
- **Light Intensity:** Oxygen production increases with higher light intensity up to a point, after which it plateaus.  
- **CO₂ Concentration:** Oxygen production increases with higher CO₂ levels until it reaches a maximum.  
- **Temperature:** Oxygen production peaks at an optimal temperature (e.g., 25°C–30°C) and decreases at higher or lower temperatures.  

---

### **Critical Thinking Questions**  
1. **Hypothesis Testing:**  
   - Predict how oxygen production would change if light intensity were increased beyond the simulation’s maximum. Why?  
   - What would happen if CO₂ concentration were doubled from the highest tested level? Explain.  

2. **Application:**  
   - How could farmers use this knowledge to optimize crop growth in greenhouses?  
   - What implications does this have for climate change, given rising CO₂ levels?  

3. **Analysis:**  
   - Why does photosynthesis stop at very high temperatures?  
   - How do limiting factors (light, CO₂, temperature) interact to affect photosynthesis?  

4. **Extension:**  
   - Design an experiment to test the effect of water availability on photosynthesis. What do you predict?  

---

This virtual lab will help Alex grasp the principles of photosynthesis, analyze experimental data, and apply scientific reasoning to real-world scenarios."
Translate,Translate,"Write a structured, formal analysis on the topic of Translate that evaluates the effectiveness of real-time {} tools during international business meetings, specifically for translating technical and industry-specific terms from {} to {}. Use predominantly declarative sentences and provide background context on the growing importance of real-time {} tools in cross-border business communication.

Requirements:
- Title: “Analysis of Real-Time {} Tools in International Business Meetings”
- Include a header line: “Language of Origin: {} | Language of Destination: {}”
- Introduction: Briefly explain why real-time {} tools matter in international meetings and frame the focus on technical/industry terms from {} to {}.
- Section: Effectiveness in Translating Technical and Industry-Specific Terms
  - Subsections “Strengths” and “Limitations” as bullet lists.
  - Include concrete examples of Japanese technical terms with German equivalents (e.g., 品質管理 → Qualitätsmanagement; 改善 → kontinuierliche Verbesserung; 市場分析 → Marktanalyse; コンプライアンス → Einhaltung; 効率化 with contextual note; IoT/モノのインターネット handling).
  - Address contextual understanding, terminology coverage, cultural nuances, and risk of literal {}.
- Section: Impact on Communication
  - Subsections “Positive Impacts” and “Negative Impacts” as bullet lists.
  - Cover inclusivity, reduced reliance on interpreters, latency, and need for clarifications.
- Section: Impact on Decision-Making Processes
  - Subsections “Facilitation” and “Challenges” as bullet lists.
  - Address accuracy of technical data transfer, alignment, risk from misinterpreted critical terms, and trust/verification concerns.
- Recommendations: Numbered list with actionable steps (e.g., pre-meeting glossaries, human oversight for critical terms, choosing tools strong in Japanese–German technical domains such as DeepL or Google Translate with domain add-ons).
- Conclusion: Summarize that tools improve Japanese-to-German communication speed and access, but a hybrid human-in-the-loop approach is best for nuanced/critical terminology.

Style and tone:
- Predominantly declarative sentences; formal, analytical register; concise bullet points.
- Use clear headings and bulleting for readability.
- Ensure examples and term mappings are accurate and context-aware.","Prompt:
""Write a structured, formal analysis on the topic of Translate that evaluates the effectiveness of real-time translation tools during international business meetings, specifically for translating technical and industry-specific terms from Japanese to German. Use predominantly declarative sentences and provide background context on the growing importance of real-time translation tools in cross-border business communication.

Requirements:
- Title: “Analysis of Real-Time Translation Tools in International Business Meetings”
- Include a header line: “Language of Origin: Japanese | Language of Destination: German”
- Introduction: Briefly explain why real-time translation tools matter in international meetings and frame the focus on technical/industry terms from Japanese to German.
- Section: Effectiveness in Translating Technical and Industry-Specific Terms
  - Subsections “Strengths” and “Limitations” as bullet lists.
  - Include concrete examples of Japanese technical terms with German equivalents (e.g., 品質管理 → Qualitätsmanagement; 改善 → kontinuierliche Verbesserung; 市場分析 → Marktanalyse; コンプライアンス → Einhaltung; 効率化 with contextual note; IoT/モノのインターネット handling).
  - Address contextual understanding, terminology coverage, cultural nuances, and risk of literal translation.
- Section: Impact on Communication
  - Subsections “Positive Impacts” and “Negative Impacts” as bullet lists.
  - Cover inclusivity, reduced reliance on interpreters, latency, and need for clarifications.
- Section: Impact on Decision-Making Processes
  - Subsections “Facilitation” and “Challenges” as bullet lists.
  - Address accuracy of technical data transfer, alignment, risk from misinterpreted critical terms, and trust/verification concerns.
- Recommendations: Numbered list with actionable steps (e.g., pre-meeting glossaries, human oversight for critical terms, choosing tools strong in Japanese–German technical domains such as DeepL or Google Translate with domain add-ons).
- Conclusion: Summarize that tools improve Japanese-to-German communication speed and access, but a hybrid human-in-the-loop approach is best for nuanced/critical terminology.

Style and tone:
- Predominantly declarative sentences; formal, analytical register; concise bullet points.
- Use clear headings and bulleting for readability.
- Ensure examples and term mappings are accurate and context-aware.""","Provide a translation from Spanish to German for the text provided: ""[Spanish Text]"". Ensure that the translation is faithful to the original, particularly in terms of tone and context. Use appropriate cultural and linguistic adaptations to make the translation meaningful for German speakers.
[Spanish Text]=La vida es como montar en bicicleta. Para mantener el equilibrio, debes seguir moviéndote.","Das Leben ist wie Fahrradfahren. Um das Gleichgewicht zu halten, musst du dich weiterhin bewegen.

**Explanation of Adaptations:**
- **""La vida es como montar en bicicleta""** is translated to **""Das Leben ist wie Fahrradfahren""**, which directly compares life to riding a bicycle, maintaining the metaphor.
- **""Para mantener el equilibrio""** becomes **""Um das Gleichgewicht zu halten""**, ensuring the concept of balance is preserved.
- **""Debes seguir moviéndote""** is adapted to **""musst du dich weiterhin bewegen""**, using the modal verb ""musst"" for a natural imperative in German and ""weiterhin"" to convey the ongoing action of moving.

This translation maintains the original tone and context while making it culturally and linguistically appropriate for German speakers."
Travel,Travel,"Create a travel-focused, argument-driven guide titled “Top 5 Historical Adventures: {} + {}” that helps readers understand why this type of travel offers an immersive way to experience the chosen era.

Requirements:
- Argument and style
  - Adopt an informative, descriptive style with structured sections and vivid, sensory language that evokes place and experience.
  - Make a clear argument throughout: exploring the selected historic sites is a uniquely immersive way to understand the culture, events, and lifestyle of the specified period.
  - Use concise headings and bullet points for clarity; highlight concrete details and examples.

- Introduction
  - In 2–3 sentences, set the scene and state the core argument that this adventure reveals the period’s culture, achievements, and daily life.

- Selection of five adventures
  - Choose five emblematic, geographically varied sites or routes that best fit {} within the {}.
  - For “{}” + “{},” prioritize major centers such as Tikal, Chichen Itza, Palenque, Copan, and Calakmul (or closely comparable sites), each illustrating a different strength (astronomy, politics, art, ecology, or urban planning).

- For each of the five adventures, include:
  - Location + an evocative tagline.
  - Historical Period: specify the relevant timeframe within the chosen period.
  - Adventure Highlights (use bullets):
    - Activities: on-the-ground experiences travelers can do (e.g., climbs, treks, sunrise views, museum visits).
    - Historical Context: a brief, accurate snapshot of the site’s role, power dynamics, innovations, or decline.
    - Unique Aspects: what sets the site apart (architectural feats, inscriptions, alignments, wildlife, reconstructions).
  - Immersion Factor: 1–2 sentences on how being there connects travelers to the era’s culture, rituals, knowledge systems, and daily life.

- Conclusion
  - Close with a 1–2 sentence synthesis reinforcing the argument that the chosen adventures blend discovery with cultural and historical insight.

Tone and accuracy:
- Maintain respectful cultural framing and rely on well-established scholarship; avoid speculation.
- Keep the focus on traveler experience while grounding every activity in historical relevance.

Formatting:
- Use clear headings and bullets; avoid overly ornate formatting characters.
- Keep the piece cohesive and easy to skim for travelers planning an itinerary.","Prompt:
""Create a travel-focused, argument-driven guide titled “Top 5 Historical Adventures: [Theme] + [Region]” that helps readers understand why this type of travel offers an immersive way to experience the chosen era.

Requirements:
- Argument and style
  - Adopt an informative, descriptive style with structured sections and vivid, sensory language that evokes place and experience.
  - Make a clear argument throughout: exploring the selected historic sites is a uniquely immersive way to understand the culture, events, and lifestyle of the specified period.
  - Use concise headings and bullet points for clarity; highlight concrete details and examples.

- Introduction
  - In 2–3 sentences, set the scene and state the core argument that this adventure reveals the period’s culture, achievements, and daily life.

- Selection of five adventures
  - Choose five emblematic, geographically varied sites or routes that best fit the theme within the region.
  - For “[Theme]” + “[Region],” prioritize major centers such as Tikal, Chichen Itza, Palenque, Copan, and Calakmul (or closely comparable sites), each illustrating a different strength (astronomy, politics, art, ecology, or urban planning).

- For each of the five adventures, include:
  - Location + an evocative tagline.
  - Historical Period: specify the relevant timeframe within the chosen period.
  - Adventure Highlights (use bullets):
    - Activities: on-the-ground experiences travelers can do (e.g., climbs, treks, sunrise views, museum visits).
    - Historical Context: a brief, accurate snapshot of the site’s role, power dynamics, innovations, or decline.
    - Unique Aspects: what sets the site apart (architectural feats, inscriptions, alignments, wildlife, reconstructions).
  - Immersion Factor: 1–2 sentences on how being there connects travelers to the era’s culture, rituals, knowledge systems, and daily life.

- Conclusion
  - Close with a 1–2 sentence synthesis reinforcing the argument that the chosen adventures blend discovery with cultural and historical insight.

Tone and accuracy:
- Maintain respectful cultural framing and rely on well-established scholarship; avoid speculation.
- Keep the focus on traveler experience while grounding every activity in historical relevance.

Formatting:
- Use clear headings and bullets; avoid overly ornate formatting characters.
- Keep the piece cohesive and easy to skim for travelers planning an itinerary.""","Design a cultural immersion travel experience in [Destination City/Country] that explores the history, art, and cuisine of the area. Suggest visits to significant historical sites, local art galleries, and traditional eateries. Customize the guide to align with [User's Cultural Interest Level] and include interactive experiences like workshops or local cooking classes. Offer advice on respecting local customs and etiquette, and provide options for engaging with the community in meaningful ways.
[Destination City/Country]=Seville, Spain [User's Cultural Interest Level]=highly engaged","### **Cultural Immersion Travel Experience in Seville, Spain**  
**Tailored for Highly Engaged Cultural Enthusiasts**  

---

#### **Overview**  
Seville, the heart of Andalusia, is a city steeped in history, vibrant art, and rich culinary traditions. This immersive experience is designed for highly engaged travelers eager to delve deep into Seville’s cultural tapestry. From exploring UNESCO World Heritage sites to participating in hands-on workshops, this guide ensures a meaningful and authentic connection to the local culture.  

---

### **Day 1: Exploring Historical Seville**  
**Theme:** *History & Architecture*  
- **Morning:**  
  - Visit the **Alcázar of Seville**, a stunning royal palace showcasing Moorish architecture and lush gardens.  
  - Explore the **Seville Cathedral**, the largest Gothic cathedral in the world, and climb the **Giralda Tower** for panoramic views.  
- **Afternoon:**  
  - Wander through the **Santa Cruz Neighborhood**, Seville’s historic Jewish quarter, with its narrow streets and hidden plazas.  
  - Visit the **Archivo de Indias**, a repository of historical documents from the Spanish Empire.  
- **Evening:**  
  - Attend a **flamenco performance** at a traditional *tablao* (flamenco venue) to experience Seville’s passionate art form.  

**Cultural Tip:** Dress modestly when visiting religious sites, and avoid flash photography in sacred spaces.  

---

### **Day 2: Art & Creativity in Seville**  
**Theme:** *Art & Local Expression*  
- **Morning:**  
  - Visit the **Museum of Fine Arts (Museo de Bellas Artes)**, home to works by Spanish masters like Murillo and Zurbarán.  
  - Explore **Contemporary Art Galleries** in the trendy Alameda neighborhood, such as **Galería Birimbao**.  
- **Afternoon:**  
  - Participate in a **Tile Painting Workshop** to learn the traditional Andalusian *azulejo* (ceramic tile) craft.  
- **Evening:**  
  - Stroll along the **Guadalquivir River** and admire street art and local artists’ installations.  

**Cultural Tip:** Support local artists by purchasing handmade crafts or artwork directly from them.  

---

### **Day 3: Culinary Delights of Seville**  
**Theme:** *Cuisine & Tradition*  
- **Morning:**  
  - Take a **Market Tour** at **Mercado de Triana**, where you can interact with vendors and learn about local ingredients.  
- **Afternoon:**  
  - Join a **Traditional Andalusian Cooking Class** to learn to prepare classics like *gazpacho*, *tortilla española*, and *pescaíto frito*.  
- **Evening:**  
  - Dine at a **Family-Run Taberna** in the Triana neighborhood, known for its authentic tapas and lively atmosphere.  

**Cultural Tip:** Share dishes family-style and savor each course slowly, as meals are a social affair in Spain.  

---

### **Day 4: Community Engagement & Local Life**  
**Theme:** *Cultural Exchange & Connection*  
- **Morning:**  
  - Volunteer with a **Local Community Project**, such as urban gardening or cultural preservation initiatives.  
- **Afternoon:**  
  - Attend a **Language Exchange Meetup** to practice Spanish with locals and learn about their daily lives.  
- **Evening:**  
  - Join a **Neighborhood Fiesta** or local event to experience Seville’s festive spirit.  

**Cultural Tip:** Learn a few basic Spanish phrases and greet locals with *“Buenos días/tardes/noches”* to show respect.  

---

### **Additional Tips for Respecting Local Customs**  
1. **Siesta Culture:** Many shops close between 2–5 PM for siesta. Plan activities accordingly.  
2. **Greetings:** A handshake or two kisses on the cheek (starting with the right) is common among acquaintances.  
3. **Dining Etiquette:** Avoid eating on the go; meals are meant to be enjoyed leisurely.  
4. **Festivals:** If visiting during **Semana Santa** or **Feria de Abril**, dress modestly and respectfully during religious processions.  

---

### **Optional Extensions**  
- **Day Trip to Carmona:** Explore this historic whitewashed village with Roman ruins and stunning views.  
- **Evening Horse Show:** Witness the elegance of Andalusian horses at a traditional equestrian performance.  

---

This itinerary ensures a deeply immersive experience in Seville’s culture, tailored for highly engaged travelers eager to connect with its history, art, and people. ¡Buen viaje!"
Writing,Writing,"Writing {}: Craft a first-person {} thread draft on {} for {} in an {} voice, consisting of exactly {} {}. Ensure {}, {}, and {}.

Writing focus (Sentence Type and Argument):  
- Use predominantly declarative sentences to deliver clear information.  
- Intermix rhetorical questions to spark reflection and discussion.  
- Use imperative statements as {}-to-action that prompt immediate steps.  
- Construct the argument to emphasize urgent stakes while highlighting practical, actionable steps individuals and communities can take toward environmental sustainability.

Content requirements:  
- {} 1: Start with a gripping hook that frames the stakes and invites readers into the thread.  
- Throughout: Incorporate at least one statistic, {} (quote or paraphrase), {}, and recurring {}-to-action.  
- Weave in concise, credible stats to ground urgency; avoid jargon and keep each {} scannable.  
- Use transitions so each {} naturally leads to the next, maintaining momentum and coherence.  
- Include selective emojis and hashtags to boost engagement without clutter; pose questions to invite replies.  
- Final {}: End with a clear, memorable call-to-action (share, commit to one change, tag others).

Format:  
- Provide a brief heading identifying {}, {}, and tone.  
- Label each entry as “{} 1:” through “{} {}:”.  
- Keep language vivid, urgent, and inspiring; maintain first-person perspective throughout.

Optimization for discussion and virality:  
- Balance urgency with agency and hope.  
- Alternate between data-driven claims and human-centered appeals.  
- Encourage audience participation (comments, pledges, tags) and policy engagement (contact leaders, support initiatives).

Deliverable:  
- Exactly {} drafts, each on its own line under its label, optimized to captivate and inspire discussion about {} for {} in an {} voice, adhering to the sentence-type and argument guidelines above.","Prompt:
""Writing guide: Craft a first-person Twitter thread draft on climate change for activists in an urgent voice, consisting of exactly 10 tweets. Ensure clarity, engagement, and motivation.

Writing focus (Sentence Type and Argument):  
- Use predominantly declarative sentences to deliver clear information.  
- Intermix rhetorical questions to spark reflection and discussion.  
- Use imperative statements as calls-to-action that prompt immediate steps.  
- Construct the argument to emphasize urgent stakes while highlighting practical, actionable steps individuals and communities can take toward environmental sustainability.

Content requirements:  
- Step 1: Start with a gripping hook that frames the stakes and invites readers into the thread.  
- Throughout: Incorporate at least one statistic, quote (quote or paraphrase), example, and recurring calls-to-action.  
- Weave in concise, credible stats to ground urgency; avoid jargon and keep each tweet scannable.  
- Use transitions so each tweet naturally leads to the next, maintaining momentum and coherence.  
- Include selective emojis and hashtags to boost engagement without clutter; pose questions to invite replies.  
- Final tweet: End with a clear, memorable call-to-action (share, commit to one change, tag others).

Format:  
- Provide a brief heading identifying topic, audience, and tone.  
- Label each entry as “Tweet 1:” through “Tweet 10:”.  
- Keep language vivid, urgent, and inspiring; maintain first-person perspective throughout.

Optimization for discussion and virality:  
- Balance urgency with agency and hope.  
- Alternate between data-driven claims and human-centered appeals.  
- Encourage audience participation (comments, pledges, tags) and policy engagement (contact leaders, support initiatives).

Deliverable:  
- Exactly 3 drafts, each on its own line under its label, optimized to captivate and inspire discussion about climate change for activists in an urgent voice, adhering to the sentence-type and argument guidelines above.""","Assume the role of a seasoned public relations specialist tasked with drafting a press release for [Company Name] regarding their latest [Product/Service]. The press release should be engaging and informative, aimed at [Target Audience] to generate media coverage and public interest. Begin with a captivating headline that highlights the uniqueness of the [Product/Service]. Follow with an introductory paragraph that succinctly captures the essence of the news, then detail the core message in the body including quotes from key company representatives and relevant data points. Conclude with a boilerplate about the company and contact information for further inquiries. Ensure to weave in strategic keywords that enhance visibility and appeal to the [Target Audience], and maintain a tone that reflects [Company's Brand Voice]. Additionally, include guidelines on the distribution strategy for the press release to maximize reach and impact.
[Company Name] = EcoClean Solutions
[Product/Service] = Eco-Friendly Multi-Surface Cleaner
[Target Audience] = Environmentally conscious homeowners and small businesses
[Company's Brand Voice] = Friendly, authoritative, and eco-conscious
[Distribution Strategy] = Distribute through major environmental blogs, social media influencers in the eco-space, and press releases to both local and national news outlets","**Headline:**  
**EcoClean Solutions Launches Game-Changing Eco-Friendly Multi-Surface Cleaner for a Greener, Cleaner Home and Workplace**  

**Introductory Paragraph:**  
EcoClean Solutions, a pioneer in sustainable cleaning products, is thrilled to announce the launch of its latest innovation: the Eco-Friendly Multi-Surface Cleaner. Designed for environmentally conscious homeowners and small businesses, this all-in-one cleaner combines powerful cleaning performance with a commitment to planetary health, using 100% biodegradable ingredients and recyclable packaging.  

**Body:**  
In a world increasingly focused on sustainability, EcoClean Solutions is leading the charge with its newest product, which addresses the growing demand for effective yet eco-conscious cleaning solutions. The Eco-Friendly Multi-Surface Cleaner is free from harsh chemicals, making it safe for families, pets, and the environment while delivering professional-grade results on everything from kitchen counters to office desks.  

""We believe that clean spaces shouldn’t come at the expense of our planet,"" said [Name], CEO of EcoClean Solutions. ""Our new multi-surface cleaner is a testament to our mission of creating products that are as kind to the Earth as they are effective in your home or business.""  

Key features of the Eco-Friendly Multi-Surface Cleaner include:  
- **100% Biodegradable Formula:** Breaks down naturally, leaving no harmful residues.  
- **Plant-Based Ingredients:** Derived from renewable resources for a smaller environmental footprint.  
- **Recyclable Packaging:** Designed to minimize waste and support circular economy principles.  
- **Versatile Use:** Safe and effective on multiple surfaces, including wood, glass, stainless steel, and tile.  

According to a recent survey, 78% of consumers prioritize eco-friendly products when making purchasing decisions. EcoClean Solutions’ new cleaner meets this demand head-on, offering a sustainable alternative to traditional cleaning products that often contain harmful chemicals and contribute to plastic waste.  

""Our customers are at the heart of everything we do,"" added [Name], Head of Product Development. ""We’ve spent years perfecting this formula to ensure it meets their high standards for both performance and sustainability.""  

**Boilerplate:**  
EcoClean Solutions is a leading provider of eco-friendly cleaning products, dedicated to creating a cleaner, greener world. Founded in [Year], the company combines cutting-edge innovation with a deep commitment to sustainability, offering products that are safe for people, pets, and the planet. Learn more at [Website URL].  

**Contact Information:**  
For media inquiries, product samples, or interview requests, please contact:  
[Name]  
[Title]  
[Email Address]  
[Phone Number]  

**Distribution Strategy:**  
To maximize reach and impact, the press release will be distributed through the following channels:  
1. **Environmental Blogs:** Partner with major eco-focused platforms like Treehugger, EcoWatch, and Green Living Ideas.  
2. **Social Media Influencers:** Collaborate with eco-conscious influencers on Instagram, TikTok, and YouTube to amplify the message.  
3. **Press Releases:** Submit to local and national news outlets, including The Guardian, CNN, and regional sustainability publications.  
4. **Email Campaigns:** Share with EcoClean Solutions’ subscriber list and partner networks.  
5. **Company Website and Social Media:** Feature prominently on the company’s website, Instagram, Facebook, and LinkedIn pages.  

By leveraging these channels, EcoClean Solutions aims to inspire a broader shift toward sustainable living while establishing its new Eco-Friendly Multi-Surface Cleaner as the go-to choice for environmentally conscious consumers."
